season,episode,baker,age,hometown,occupation,series.x,na_4,in_stayed_in_out_eliminated_star_baker_star_baker_winner_series_winner_runner_up_series_runner_up_wd_withdrew,series.y,signature_bake,show_stopper
NA,NA,NA,NA,NA,NA,NA,NA,NA,NA,NA,NA
NA,NA,baker,NA,NA,NA,series,technical,result,NA,NA,NA
1,1,Annetha,NA,NA,NA,1,2,IN,NA,Light Jamaican Black Cakewith Strawberries and Cream,"Red, White & Blue Chocolate Cake with Cigarellos, Fresh Fruit, and Cream"
1,1,David,NA,NA,NA,1,3,IN,NA,Chocolate Orange Cake,"Black Forest Floor Gateauxwith Moulded Chocolate Leaves, Fallen Fruitand Chocolate Mushrooms Moulded from eggs"
1,1,Edd,NA,NA,NA,1,1,IN,NA,Caramel Cinnamon and Banana Cake,N/A
1,1,Jasminder,NA,NA,NA,1,NA,IN,NA,Fresh Mango and Passion Fruit Hummingbird Cake,N/A
1,1,Jonathan,NA,NA,NA,1,9,IN,NA,Carrot Cake with Lime and Cream Cheese Icing,Three Tiered White and Dark Chocolate with Almond and Cherry
1,1,Louise,NA,NA,NA,1,NA,IN,NA,Carrot and Orange Cake,"Never Fail Chocolate Sponge Cake,with Fresh Fruit, White & Chocolate Cigarello Border"
1,1,Miranda,NA,NA,NA,1,8,IN,NA,"Triple Layered Brownie Meringue Cake
with Raspberry Cream",Three Tiered Chocolate Fudge Cake  with Handmade Chocolate Button Decorations
1,1,Ruth,NA,NA,NA,1,NA,IN,NA,Three Tiered Lemon Drizzle Cakewith Fresh Cream and freshly made Lemon Curd,Classic Chocolate Sponge wrapped in a Chocolate Collartopped with Handmade White and Dark Chocolate Truffles
1,1,Lea,NA,NA,NA,1,10,OUT,NA,Cranberry and Pistachio Cakewith Orange Flower Water Icing,Raspberries and Cream filled Chocolatewith Chocolate-dipped Fresh Fruit
1,1,Mark,NA,NA,NA,1,NA,OUT,NA,Sticky Marmalade Tea Loaf,Heart-shaped Chocolate and Beetroot Cake with Store-Bought silver chocolate hearts and chocolate red and white roses.
1,2,David,NA,NA,NA,1,8,IN,NA,Cheddar Cheese and Fresh Rosemary Biscuits,Choux Pastry Swans  Chocolate Profiteroles
1,2,Edd,NA,NA,NA,1,6,IN,NA,Oatmeal Raisin Cookie,Pink Macarons
1,2,Jasminder,NA,NA,NA,1,2,IN,NA,Millionaires' Shortbread,Meringues with Chocolate and Space DustCoffee flavoured Eclairs
1,2,Jonathan,NA,NA,NA,1,1,IN,NA,Honey and Candied Ginger Cookies,Meringues with Whiskey Cream
1,2,Miranda,NA,NA,NA,1,3,IN,NA,Fresh Vanilla Biscuits with Royal Icing,Pistachio Macarons
1,2,Ruth,NA,NA,NA,1,5,IN,NA,Peanut Shortbread withSalted Peanut Caramel,Almond Macaron with Violet ButtercreamRaspberries and Cream Eclairs
1,2,Annetha,NA,NA,NA,1,7,OUT,NA,Rose Petal Shortbread,Pink Swirl Macarons / Eclairs
1,2,Louise,NA,NA,NA,1,4,OUT,NA,Stained Glass Window Shortbread,"Strawberry, Mint, and Cream Meringues  Chocolate Eclairs / Orange, Yellow and Pink Macarons"
NA,2,Lea,NA,NA,NA,1,NA,NA,NA,NA,NA
4,2,Mark,NA,NA,NA,1,NA,NA,NA,Rosemary & Raisin Breadsticks,Sage & Garlic Plait
1,3,David,NA,NA,NA,1,4,IN,NA,Chilli Bread,"Walnut and Seed Roll
Red Berry and Almond Bun"
1,3,Edd,NA,NA,NA,1,1,IN,NA,Olive Bread,Tomato and Mozzarella
1,3,Jasminder,NA,NA,NA,1,5,IN,NA,Focaccia,"Mango and Sultana Buns
Pan au Chocolat with Mars Bars
Tutti Frutti Wheel with Jelly Tots"
1,3,Miranda,NA,NA,NA,1,3,IN,NA,Walnut and Apricot Bread,"Lemon Iced Buns
Chocolate and Orange Buns"
1,3,Ruth,NA,NA,NA,1,2,IN,NA,Maple and Pecan Bread,"Chocolate and Orange Panettone
Cranberry Bagels"
1,3,Jonathan,NA,NA,NA,1,6,OUT,NA,"Anchovy, Sweet Paprika and Oregano Bread","Sticky Lemon Honey Bun
Olive and Anchovy Roll
Sundried Tomatoes and Fresh Herbs Roll
Stilton, Walnut and Apple Roll
Cinnamon and Cardamom Chelsea Bun"
NA,3,Annetha,NA,NA,NA,1,NA,NA,NA,NA,NA
NA,3,Lea,NA,NA,NA,1,NA,NA,NA,NA,NA
NA,3,Louise,NA,NA,NA,1,NA,NA,NA,NA,NA
4,3,Mark,NA,NA,NA,1,NA,NA,NA,"Ginger, Mango and Passion Fruit Trifle",Rose and Pistachio MacaroonsChocolate and Raspberry Bites
1,4,Edd,NA,NA,NA,1,3,IN,NA,Apple and Plum Pudding,"Apple and Cinnamon Crumble, Nutella Banana Brioche Bread Pudding, Rhubarb and Strawberry Suet Layer"
1,4,Jasminder,NA,NA,NA,1,2,IN,NA,Sticky Toffee Pudding with Tropical Fruit & Toffee Sauce,"Bread & Butter Pudding, Treacle Suet Pudding with Fresh Fruit, Apple and Pineapple Crumble"
1,4,Miranda,NA,NA,NA,1,1,IN,NA,Sticky Toffee Pudding,"Queen of Puddings, Chocolate Pear Roly Poly, Strawberry and Rhubarb Crumble"
1,4,Ruth,NA,NA,NA,1,4,IN,NA,Peach and Blueberry Boy Bait,"Apple & Ginger Crumble, Rhubarb Suet Crust, Cherry Queen of Puddings"
1,4,David,NA,NA,NA,1,5,OUT,NA,Pear and Walnut Pudding,"Apple and Blackberry Crumble, Rhubarb and Orange Betty, Suet Pear"
NA,4,Annetha,NA,NA,NA,1,NA,NA,NA,NA,NA
NA,4,Jonathan,NA,NA,NA,1,NA,NA,NA,NA,NA
NA,4,Lea,NA,NA,NA,1,NA,NA,NA,NA,NA
NA,4,Louise,NA,NA,NA,1,NA,NA,NA,NA,NA
NA,4,Mark,NA,NA,NA,1,NA,NA,NA,NA,NA
1,5,Edd,NA,NA,NA,1,2,IN,NA,"Chicken, Ham, Leek and Tarragon Pie","Almond Sweet Pastry with Ginger and Chocolate  Raspberry Tart / Yorkshire Curd Tart  Chickpea and Salami, Red and Yellow Pepper, Asparagus Gruyere Quiche Canapés"
1,5,Miranda,NA,NA,NA,1,1,IN,NA,"Summery Salmon, Cod and Prawn Fish Pie","Chocolate Pastry filled with Orange Cheesecake  Chocolate Pastry filled with Milk Chocolate Ganche  Strawberry Tart with Red Currant Glaze  Cheesy Crab, Broad Bean and Tomato, Pancetta Risotto Canapés"
1,5,Ruth,NA,NA,NA,1,3,IN,NA,Minced Beef Pie,"Raspberry and Dark Chocolate Tart  Creme Patisserie and Cherry Tart  Citrus Curd Tart with Creme Brulee top  Tomato, Asparagus Twirl Canapés"
1,5,Jasminder,NA,NA,NA,1,4,OUT,NA,Chicken and Mushroom Pie,"Jaggery, Carrot, and Spiced Condensed Milk Tart  Fruit and Custard Tart  Thai Chili Red Onion, Duck in Plum Sauce, Salmon and Prawn Canapés"
NA,5,Annetha,NA,NA,NA,1,NA,NA,NA,NA,NA
NA,5,David,NA,NA,NA,1,NA,NA,NA,NA,NA
NA,5,Jonathan,NA,NA,NA,1,NA,NA,NA,NA,NA
NA,5,Lea,NA,NA,NA,1,NA,NA,NA,NA,NA
NA,5,Louise,NA,NA,NA,1,NA,NA,NA,NA,NA
NA,5,Mark,NA,NA,NA,1,NA,NA,NA,NA,NA
1,6,Miranda,NA,NA,NA,1,NA,Runner-up,NA,Lemon Cupcake,Eliminated after signature
1,6,Ruth,NA,NA,NA,1,NA,Runner-up,NA,"Mint, Ginger and Blackberry Cake",NA
1,6,Edd,NA,NA,NA,1,NA,WINNER,NA,Cinnamon and Banana Cake,NA
NA,6,Annetha,NA,NA,NA,1,NA,NA,NA,NA,NA
NA,6,David,NA,NA,NA,1,NA,NA,NA,NA,NA
NA,6,Jasminder,NA,NA,NA,1,NA,NA,NA,NA,NA
NA,6,Jonathan,NA,NA,NA,1,NA,NA,NA,NA,NA
NA,6,Lea,NA,NA,NA,1,NA,NA,NA,NA,NA
NA,6,Louise,NA,NA,NA,1,NA,NA,NA,NA,NA
NA,6,Mark,NA,NA,NA,1,NA,NA,NA,NA,NA
2,1,Ben,NA,NA,NA,2,2,IN,NA,Rhubarb and Custard CupcakesAfter Dinner Cupcakes,Vanilla Sponge with White Chocolate and Raspberry Buttercream
2,1,Ian,NA,NA,NA,2,10,IN,NA,Apple and Cinnamon Cupcakes,UNKNOWN
2,1,Janet,NA,NA,NA,2,8,IN,NA,Raspberry and Cream Cupcakes,Chocolate Marble Cakewith Dark and White Chocolate Truffles
2,1,Jason,NA,NA,NA,2,6,IN,NA,Lemon Meringue CupcakesApple and Cinnamon Cupcakes,UNKNOWN
NA,1,Joanne,NA,NA,NA,2,11,IN,NA,NA,NA
2,1,Mary-Anne,NA,NA,NA,2,4,IN,NA,Banoffee Cupcakes,Chocolate and Raspberry Opera cake
2,1,Robert,NA,NA,NA,2,3,IN,NA,Blackberry and Vanilla Cupcakeswith Liquorice Frosting,Genoise Layered Mousse Cakewith Chocolate Ganache
2,1,Simon,NA,NA,NA,2,9,IN,NA,Guinness and Chocolate Cupcakes,Two-Tiered Chocolate Courgette Cake
2,1,Urvashi,NA,NA,NA,2,7,IN,NA,Cherry Blossom CupcakesJapanese Lime Cupcakes,UNKNOWN
2,1,Yasmin,NA,NA,NA,2,5,IN,NA,Cardamom and Pomegranate Cupcakes,UNKNOWN
2,1,Keith,NA,NA,NA,2,12,OUT,NA,Earl Grey Cupcakes,Chocolate and Sour Cream Cake
2,1,Holly,NA,NA,NA,2,1,STAR BAKER,NA,Cherry Bakewell Inspired CupcakesGinger Cupcakes with Fig Truffle,UNKNOWN
2,2,Ben,NA,NA,NA,2,1,IN,NA,"Chorizo, Pepper and Gruyere Quiche",Lemon Meringue Tarts
2,2,Holly,NA,NA,NA,2,4,IN,NA,Pesto Quiche,Milk Chocolate and Pistachio TartsTrifle Tarts
2,2,Ian,NA,NA,NA,2,2,IN,NA,"Stilton, Spinach and New Potato Quichewith Paprika and Walnut Pastry",UNKNOWN
2,2,Janet,NA,NA,NA,2,8,IN,NA,Quiche Printanière,Red Fruit TartsChocolate and Cherry Tarts
NA,2,Joanne,NA,NA,NA,2,10,IN,NA,NA,NA
2,2,Mary-Anne,NA,NA,NA,2,9,IN,NA,"Roasted Cauliflower, Cheese andCaramelised Onion Quiche",Butterscotch Brulée Tarts in Pecan PastryApple Rose Tarts
2,2,Robert,NA,NA,NA,2,5,IN,NA,Smoked Bacon and Kale Quiche,"Chocolate, Fennel and Ginger TartAlmond, Creme Patissiere and Poached Pear Tart"
2,2,Urvashi,NA,NA,NA,2,7,IN,NA,"Crab, Coriander and Coconut Quiche",Strawberry and Basil TartsElderflower and Honeycomb Tarts
2,2,Yasmin,NA,NA,NA,2,6,IN,NA,Smoked Haddock and Watercress Quiche,Chocolate and Orange with Cinnamon-Orange Pastry TartsBlueberry and Hazelnut with Hazelnut Pastry Tarts
2,2,Simon,NA,NA,NA,2,11,OUT,NA,Smoked Haddock and Watercress Quiche,"Passion Fruit and Ricotta TartsSalted Chocolate, Stem Ginger and Mascarpone Cream Tarts"
2,2,Jason,NA,NA,NA,2,3,STAR BAKER,NA,Salmon and Pak Choi Quiche,Mint Chocolate Tarts Blueberry Bakewell Tarts
NA,2,Keith,NA,NA,NA,2,NA,NA,NA,NA,NA
2,3,Ben,NA,NA,NA,2,3,IN,NA,"Walnut, Raisin and Rosemary Loaf",UNKNOWN
2,3,Holly,NA,NA,NA,2,6,IN,NA,Picnic Loaf,Stilton and Walnut Rolls
2,3,Janet,NA,NA,NA,2,8,IN,NA,Zupfe Loaf with Gruyère Cheese,Apple and Walnut Granary Rolls Red Onion Cottage Rolls
2,3,Jason,NA,NA,NA,2,7,IN,NA,Cheese and Onion Tear and Share Loaf,UNKNOWN
NA,3,Joanne,NA,NA,NA,2,1,IN,NA,NA,NA
2,3,Mary-Anne,NA,NA,NA,2,5,IN,NA,Ploughman's Loaf,Herb and Walnut BreadsChocolate and Chilli Buns
2,3,Robert,NA,NA,NA,2,4,IN,NA,Rye and Coriander Seed Loaf,Blueberry Brioche RollsLemon and Poppy Seed Rolls
2,3,Ian,NA,NA,NA,2,10,OUT,NA,"Courgette, Caerphilly Cheese and Thyme Loaf",Walnut and Raisin RollsCracked Wheat Logs
2,3,Urvashi,NA,NA,NA,2,9,OUT,NA,Salt and Peppercorn Loaf,Chilli and Halloumi RollsLemon and Coriander Mini Loaves
2,3,Yasmin,NA,NA,NA,2,2,STAR BAKER,NA,Egyptian Dukkah Loaf with Mixed Spices,"Pesto Bread
Sweet Coconut Rolls"
NA,3,Keith,NA,NA,NA,2,NA,NA,NA,NA,NA
NA,3,Simon,NA,NA,NA,2,NA,NA,NA,NA,NA
2,4,Janet,NA,NA,NA,2,4,IN,NA,Christmas Marzipan Biscuits,"Raspberry Macarons
Blackcurrant Macarons
Almond Macarons"
NA,4,Joanne,NA,NA,NA,2,8,IN,NA,NA,NA
2,4,Mary-Anne,NA,NA,NA,2,2,IN,NA,Melting Moments,Blackcurrant and Mint MacaronsGooseberry and Elderflower MacaronsHazelnut Macarons
2,4,Robert,NA,NA,NA,2,7,IN,NA,Chocolate and Ginger Oat Biscuits,Strawberry and Lime MacaronsLemon MacaronsChocolate and Cardamom Macarons
2,4,Yasmin,NA,NA,NA,2,6,IN,NA,Chocolate Chip and Pistachio Biscotti,Chocolate and Lime MacaronsCoffee and Walnut MacaronsPineapple and Coconut Macarons
2,4,Ben,NA,NA,NA,2,5,OUT,NA,Stem Ginger Nuts,Chocolate and Almond MacaronsPine Nut MacaronsPistachio Macarons
2,4,Holly,NA,NA,NA,2,3,STAR BAKER,NA,Strawberry and Custard Melts,"'Chocolate bars of my youth'
(Caramel Macarons, Mint Chocolate Macarons and Chocolate Orange Macarons)"
2,4,Jason,NA,NA,NA,2,1,STAR BAKER,NA,Lebkuchen,"Mocktail Macarons
(Mojito, Cranberry Cooler, and Pina Colada)"
6,4,Ian,NA,NA,NA,2,NA,NA,NA,Pomegranate Two Ways Crème Brûlées,Trio of Spicy and Herby Baked Cheesecakes
NA,4,Keith,NA,NA,NA,2,NA,NA,NA,NA,NA
NA,4,Simon,NA,NA,NA,2,NA,NA,NA,NA,NA
NA,4,Urvashi,NA,NA,NA,2,NA,NA,NA,NA,NA
2,5,Holly,NA,NA,NA,2,4,IN,NA,"Stilton, Potato and Caramelised Onion Pie",Lime Meringue Pie
NA,5,Joanne,NA,NA,NA,2,6,IN,NA,NA,NA
2,5,Mary-Anne,NA,NA,NA,2,2,IN,NA,Chicken and Bacon Pie,Midnight Meringue
2,5,Yasmin,NA,NA,NA,2,5,IN,NA,Family Fish Pie,Peach and Raspberry Meringue Pie
2,5,Jason,NA,NA,NA,2,7,OUT,NA,Brown Down Chicken Pie,Plum Meringue Pie
2,5,Robert,NA,NA,NA,2,3,OUT,NA,Chicken and Mushroom Pie,Rhubarb and Custard Meringue Pie
2,5,Janet,NA,NA,NA,2,1,STAR BAKER,NA,Chicken and Chestnut Pie,Rhubarb Meringue Pie
NA,5,Ben,NA,NA,NA,2,NA,NA,NA,NA,NA
6,5,Ian,NA,NA,NA,2,NA,NA,NA,Honey and Flowers Cake,Dessert Island
NA,5,Keith,NA,NA,NA,2,NA,NA,NA,NA,NA
NA,5,Simon,NA,NA,NA,2,NA,NA,NA,NA,NA
NA,5,Urvashi,NA,NA,NA,2,NA,NA,NA,NA,NA
2,6,Holly,NA,NA,NA,2,3,IN,NA,Father Christmas' Baked Cheesecake,Hansel and Gretel's Croquembouche
2,6,Janet,NA,NA,NA,2,5,IN,NA,Rhubarb and Ginger Baked Cheesecake,Orange and Nougatine Croquembouche
2,6,Mary-Anne,NA,NA,NA,2,4,IN,NA,Tutti Fruitti Curd Baked Cheesecake,Orange and Praline Croquembouche with Cardamom Caramel
2,6,Yasmin,NA,NA,NA,2,2,OUT,NA,Baked Amaretto Cheesecake,Rose Croquembouche
NA,6,Joanne,NA,NA,NA,2,1,STAR BAKER,NA,NA,NA
NA,6,Ben,NA,NA,NA,2,NA,NA,NA,NA,NA
6,6,Ian,NA,NA,NA,2,NA,NA,NA,Pear and Raspberry Frangipane Tart,vol-au-vents Terre et Mer
NA,6,Jason,NA,NA,NA,2,NA,NA,NA,NA,NA
NA,6,Keith,NA,NA,NA,2,NA,NA,NA,NA,NA
NA,6,Robert,NA,NA,NA,2,NA,NA,NA,NA,NA
NA,6,Simon,NA,NA,NA,2,NA,NA,NA,NA,NA
NA,6,Urvashi,NA,NA,NA,2,NA,NA,NA,NA,NA
2,7,Holly,NA,NA,NA,2,1,IN,NA,"White Chocolate, Hazelnut and Raspberry Genoise Mousse Cake","Apricot, Macadamia and White Chocolate PinwheelsAlmond CroissantsApple, Raisin and Cinnamon Plaits"
NA,7,Joanne,NA,NA,NA,2,3,IN,NA,NA,NA
2,7,Mary-Anne,NA,NA,NA,2,2,IN,NA,Chocolate and Orange Mousse Cake,Raspberry Rose DanishesPraline SpiralsAlsatian Plaited Danishes
2,7,Janet,NA,NA,NA,2,4,OUT,NA,Chocolate Amaretto Mousse Cake,Pain Aux RaisinPlain CroissantPain Au Chocolat
NA,7,Ben,NA,NA,NA,2,NA,NA,NA,NA,NA
6,7,Ian,NA,NA,NA,2,NA,NA,NA,Roadkill Pie,Victoria's Crown Charlotte Russe
NA,7,Jason,NA,NA,NA,2,NA,NA,NA,NA,NA
NA,7,Keith,NA,NA,NA,2,NA,NA,NA,NA,NA
NA,7,Robert,NA,NA,NA,2,NA,NA,NA,NA,NA
NA,7,Simon,NA,NA,NA,2,NA,NA,NA,NA,NA
NA,7,Urvashi,NA,NA,NA,2,NA,NA,NA,NA,NA
NA,7,Yasmin,NA,NA,NA,2,NA,NA,NA,NA,NA
2,8,Holly,NA,NA,NA,2,2,Runner-up,NA,Banoffee Inspired Mille Feuille,Strawberry and Cream Meringue NestGooseberry and Elderflower 'Bakewell' TartsNeapolitan Ice-Cream Sandwich
2,8,Mary-Anne,NA,NA,NA,2,3,Runner-up,NA,Lemon and Ginger Mille Feuille,Fruit Tarts with Elderflower CustardStrawberry and Rhubarb CheesecakesBlack Fruit Meringue with Everlasting Syllabub
NA,8,Joanne,NA,NA,NA,2,1,WINNER,NA,NA,NA
NA,8,Ben,NA,NA,NA,2,NA,NA,NA,NA,NA
6,8,Ian,NA,NA,NA,2,NA,NA,NA,Mont Blanc & Black Forest Gâteau Horns,Nun with Hidden Passions
NA,8,Janet,NA,NA,NA,2,NA,NA,NA,NA,NA
NA,8,Jason,NA,NA,NA,2,NA,NA,NA,NA,NA
NA,8,Keith,NA,NA,NA,2,NA,NA,NA,NA,NA
NA,8,Robert,NA,NA,NA,2,NA,NA,NA,NA,NA
NA,8,Simon,NA,NA,NA,2,NA,NA,NA,NA,NA
NA,8,Urvashi,NA,NA,NA,2,NA,NA,NA,NA,NA
NA,8,Yasmin,NA,NA,NA,2,NA,NA,NA,NA,NA
3,1,Brendan,NA,NA,NA,3,10,IN,NA,"Plum, Sour Cherry & Walnut",UNKNOWN
3,1,Cathryn,NA,NA,NA,3,5,IN,NA,"Apple, Hazelnut and Calvados",Hidden Cupcake Cake
3,1,Danny,NA,NA,NA,3,7,IN,NA,"Plum, Ginger & Orange",UNKNOWN
3,1,James,NA,NA,NA,3,2,IN,NA,"Parsnip, Pear, and Pecan","""Simmer Dim"" Sunset Cake"
3,1,John,NA,NA,NA,3,11,IN,NA,"Toffee Apple, Orange & Cranberry",Hidden Pink Hearts Cake
3,1,Manisha,NA,NA,NA,3,6,IN,NA,"Vanilla, Peach and Raspberry",White Chocolate Cake with a Red Velvet and White Chocolate Mousse Heart
3,1,Peter,NA,NA,NA,3,3,IN,NA,"Pear, Muscat & Chocolate",Jubilee Cake
3,1,Ryan,NA,NA,NA,3,8,IN,NA,Kumquat and Orange Polenta,Hidden Flowerbed Mousse Cake
3,1,Sarah-Jane,NA,NA,NA,3,1,IN,NA,"Pear, Chocolate and Hazelnut",Hidden Crown Cake
3,1,Stuart,NA,NA,NA,3,9,IN,NA,Tomato and Ginger,Lemon and Pistachio Union Flag Cake
3,1,Natasha,NA,NA,NA,3,12,OUT,NA,Pineapple & Passion Fruit,Mother's Day Layered Rose Cake
3,1,Victoria,NA,NA,NA,3,4,STAR BAKER,NA,Pear and Pecan,Blackbird Pie Cake
3,2,Brendan,NA,NA,NA,3,4,IN,NA,Middle Eastern Taboon BreadIndian Rotis,"Chocolate and Vanilla Bagels
Cumin and Gruyere Bagels"
3,2,Cathryn,NA,NA,NA,3,8,IN,NA,"Spiced Mango NaanLime, Coriander and Chilli Tortillas","Cranberry and Orange Bagels
Chipotle, Chili, and Smoked Cheddar Bagels"
3,2,Danny,NA,NA,NA,3,3,IN,NA,Lime Coriander and Coconut TortillasZaatar Naan with Dukkah,UNKNOWN
3,2,James,NA,NA,NA,3,2,IN,NA,"Tomato, Garlic, and Parmesan FlatbreadsTattie Scones","Orange, Mint and Chocolate Bagels
'Millers' Sourdough Bagels"
3,2,Manisha,NA,NA,NA,3,6,IN,NA,Indian FlatbreadsItalian Flatbreads,UNKNOWN
3,2,Ryan,NA,NA,NA,3,5,IN,NA,Shanghai Spring Onion FlatbreadsGarlic and Coriander Naan,"Cinnamon and Date Bagels
Tarragon and Rosemary Bagels"
3,2,Sarah-Jane,NA,NA,NA,3,10,IN,NA,Toasted Coconut and Lime RotisOatcakes,UNKNOWN
3,2,Stuart,NA,NA,NA,3,9,IN,NA,Bombay BreadChorizo and Spring Onion Naan,"Cinnamon and Cranberry Bagels
Tomato and Thyme Bagels"
3,2,Victoria,NA,NA,NA,3,7,IN,NA,Coriander and Lemon NaanGarlic and Parsnip Chapatis,"Saffron and Golden Raisin Bagels
Porcini Bagels"
3,2,Peter,NA,NA,NA,3,11,OUT,NA,Fennel and Nigella Seed NaanBannock Bread,"Rosemary and Sea Salt Bagels
Apple and Cinnamon Bagels"
3,2,John,NA,NA,NA,3,1,STAR BAKER,NA,"Coriander and Chilli RotisGarlic, Pomegranate and Potato Pitas","Fig, Walnut and Gruyere Bagels
Blueberry and White Chocolate Bagels"
NA,2,Natasha,NA,NA,NA,3,NA,NA,NA,NA,NA
3,3,Brendan,NA,NA,NA,3,9,IN,NA,Apple and Ginger Tarte Tatin,"Blackberry, Nectarine and Dragon Fruit Tart"
3,3,Cathryn,NA,NA,NA,3,3,IN,NA,"Plum, Cherry and Five Spice Tarte Tatin","Raspberry, Pistachio and Lemon Tart"
3,3,Danny,NA,NA,NA,3,2,IN,NA,Savoury Pear and Roquefort Tarte Tatin,"Pineapple, Coconut and Frangipane Tart"
3,3,John,NA,NA,NA,3,6,IN,NA,Apple and Vanilla Tarte Tatin with Walnut Praline,"Berries, Grapes, Pomegranate, and Dragon Fruit Tart"
3,3,Manisha,NA,NA,NA,3,10,IN,NA,"Cinnamon, Apple and Pear Tarte Tatin",Rum and Tropical Fruit Tart
3,3,Ryan,NA,NA,NA,3,5,IN,NA,Spiced Pear Tarte Tatin,UNKNOWN
3,3,Sarah-Jane,NA,NA,NA,3,8,IN,NA,Caramelised Banana Tarte Tatin,French Apple Tart with Blackberry and Cassis Jam
3,3,Stuart,NA,NA,NA,3,7,IN,NA,Pear and Almond Tarte Tatin,Raspberry Triple Chocolate Layered Tart
3,3,Victoria,NA,NA,NA,3,4,OUT,NA,"Fig, Walnut and Pink Peppercorn Tarte Tatin",Tropical Fruit Tart with Black Pepper Crust
3,3,James,NA,NA,NA,3,1,STAR BAKER,NA,Apple and Lavender Tarte Tatin,"Rose, Lychee and Raspberry Fruit Tart"
NA,3,Natasha,NA,NA,NA,3,NA,NA,NA,NA,NA
NA,3,Peter,NA,NA,NA,3,NA,NA,NA,NA,NA
3,4,Cathryn,NA,NA,NA,3,3,IN,NA,"White Chocolate, Macadamia and Coffee Torte","Gooseberry, Almond and Honey Meringue"
3,4,Danny,NA,NA,NA,3,2,IN,NA,"Blackberry, White Chocolate, Lemon and Elderflower Torte","'Monte Bianco' Chestnut, Chocolate and Coffee Dacquoise"
3,4,James,NA,NA,NA,3,5,IN,NA,"Hazelnut, Chocolate and Passionfruit Torte","Fig, Chestnut, Cherry and Chocolate Layered Meringue"
3,4,John,NA,NA,NA,3,6,IN,NA,'Torte Noir' Black Forest Torte with Boozy Cream,Elderflower and Bramble Berry Pavlova
3,4,Manisha,NA,NA,NA,3,9,IN,NA,"Almond, Chocolate and Cherry Torte",Tiramisu Layered Meringue Dessert
3,4,Ryan,NA,NA,NA,3,7,IN,NA,Green Tea Opera Torte,"Strawberry, Rose and Pistachio Meringue"
3,4,Sarah-Jane,NA,NA,NA,3,4,IN,NA,Chocolate and Almond Truffle Torte,Hazelnut Tiramisu Layered Meringue
3,4,Stuart,NA,NA,NA,3,8,OUT,NA,Black Forest Torte,Choca Blocka Mocha Meringue
3,4,Brendan,NA,NA,NA,3,1,STAR BAKER,NA,Clementine and Chestnut Torte,"Pear, Chocolate and Hazelnut Dacquoise"
NA,4,Natasha,NA,NA,NA,3,NA,NA,NA,NA,NA
NA,4,Peter,NA,NA,NA,3,NA,NA,NA,NA,NA
NA,4,Victoria,NA,NA,NA,3,NA,NA,NA,NA,NA
3,5,Brendan,NA,NA,NA,3,3,IN,NA,Salmon Coulibiac in a Scandinavian Pastry,All American Chiffon Pie
3,5,Cathryn,NA,NA,NA,3,1,IN,NA,Full English Wellington,Chocolate and Peanut Butter Pumpkin Pie
3,5,Danny,NA,NA,NA,3,7,IN,NA,"Chickpea, Spinach & Mushroom Wellington",Trick or Treat Pumpkin Pie
3,5,James,NA,NA,NA,3,6,IN,NA,Four Pig Wellington,Sweet Potato Pie
3,5,John,NA,NA,NA,3,2,IN,NA,Venison and Haggis Wellington,Star-Spangled Pecan Pie
3,5,Sarah-Jane,NA,NA,NA,3,4,IN,NA,Beef Wellington with Parma Ham and Gorgonzola Cheese,Chocolate and Banana Cream Pie
3,5,Manisha,NA,NA,NA,3,5,OUT,NA,Lamb Wellington with Rosemary and Mint,Banana Scotch Pie
3,5,Ryan,NA,NA,NA,3,8,STAR BAKER,NA,Curry Spiced Seabass Wellington,Key Lime Pie
NA,5,Natasha,NA,NA,NA,3,NA,NA,NA,NA,NA
NA,5,Peter,NA,NA,NA,3,NA,NA,NA,NA,NA
NA,5,Stuart,NA,NA,NA,3,NA,NA,NA,NA,NA
NA,5,Victoria,NA,NA,NA,3,NA,NA,NA,NA,NA
3,6,Cathryn,NA,NA,NA,3,3,IN,NA,"Chocolate Walnut Whip Puddings
Elderflower Sponges",Roasted Vegetable Couscous and Sheep Cheese Strudel
3,6,Danny,NA,NA,NA,3,2,IN,NA,Banoffee Puddings with Walnut Butterscotch SauceJubilee Chocolate Fondants,"Leek, Potato, Pistachio and Gruyère Strudel"
3,6,James,NA,NA,NA,3,7,IN,NA,Banana and Clove PuddingsClootie Dumplings,"Strawberry, Rhubarb and Ginger Strudel"
3,6,John,NA,NA,NA,3,5,IN,NA,Spicy Toffee PuddingsRaspberry and White Chocolate Puddings,Did not complete due to injury
3,6,Ryan,NA,NA,NA,3,6,IN,NA,Chocolate FondantsSticky Ginger and Date Puddings,"Apple, Sour Cherry, Raisin and Mixed Nuts Strudel"
3,6,Sarah-Jane,NA,NA,NA,3,4,IN,NA,Sticky Toffee PuddingsGranny's Saucy Lemon Puddings,Sweet Strudel with Sour Cherries
3,6,Brendan,NA,NA,NA,3,1,STAR BAKER,NA,"Rhubarb, Strawberry and Ginger Puddings
Sticky Toffee Puddings","Spinach, Cheese and Walnut Strudel"
NA,6,Manisha,NA,NA,NA,3,NA,NA,NA,NA,NA
NA,6,Natasha,NA,NA,NA,3,NA,NA,NA,NA,NA
NA,6,Peter,NA,NA,NA,3,NA,NA,NA,NA,NA
NA,6,Stuart,NA,NA,NA,3,NA,NA,NA,NA,NA
NA,6,Victoria,NA,NA,NA,3,NA,NA,NA,NA,NA
3,7,Brendan,NA,NA,NA,3,4,IN,NA,Chelsea Bunskis,Black Forest Christmas Stollen
3,7,Cathryn,NA,NA,NA,3,5,IN,NA,Lady Arundel's Manchet Buns,Bonfire Night Tear 'n' Share Brioche
3,7,James,NA,NA,NA,3,1,IN,NA,Easter Chelsea Buns,Whisky Kugelhopf-Brioche Baba
3,7,John,NA,NA,NA,3,3,IN,NA,Cherry and Almond Saffron Buns,Marzipan Stollen
3,7,Ryan,NA,NA,NA,3,6,OUT,NA,Lardy Cakes,Char Siu Bao
3,7,Sarah-Jane,NA,NA,NA,3,7,OUT,NA,"Orange, Nutmeg and Saffron Buns",Sour Cherry and Dark Chocolate Christmas Plait
3,7,Danny,NA,NA,NA,3,2,STAR BAKER,NA,Bakewell Chelsea Buns,European Christmas Wreath
NA,7,Manisha,NA,NA,NA,3,NA,NA,NA,NA,NA
NA,7,Natasha,NA,NA,NA,3,NA,NA,NA,NA,NA
NA,7,Peter,NA,NA,NA,3,NA,NA,NA,NA,NA
NA,7,Stuart,NA,NA,NA,3,NA,NA,NA,NA,NA
NA,7,Victoria,NA,NA,NA,3,NA,NA,NA,NA,NA
3,8,Brendan,NA,NA,NA,3,2,IN,NA,Multi-Seed Savoury Crackers,Fantasy Gingerbread Bird House
3,8,Danny,NA,NA,NA,3,4,IN,NA,Spiced Almond Drinks Crackers,Gingerbread Big Ben
3,8,John,NA,NA,NA,3,3,IN,NA,Asian Spice Crackers,Gingerbread Roman Coliseum
3,8,Cathryn,NA,NA,NA,3,5,OUT,NA,Cheese and Pickle Crackers,Gingerbread Buckingham Palace
3,8,James,NA,NA,NA,3,1,STAR BAKER,NA,"Smoky Cayenne, Cumin and Chilli Crackers",Gingerbread Barn
NA,8,Manisha,NA,NA,NA,3,NA,NA,NA,NA,NA
NA,8,Natasha,NA,NA,NA,3,NA,NA,NA,NA,NA
NA,8,Peter,NA,NA,NA,3,NA,NA,NA,NA,NA
NA,8,Ryan,NA,NA,NA,3,NA,NA,NA,NA,NA
NA,8,Sarah-Jane,NA,NA,NA,3,NA,NA,NA,NA,NA
NA,8,Stuart,NA,NA,NA,3,NA,NA,NA,NA,NA
NA,8,Victoria,NA,NA,NA,3,NA,NA,NA,NA,NA
3,9,Brendan,NA,NA,NA,3,3,IN,NA,Coffee Meringue and Hazelnut CreamsApricot and Pistachio FriandsLime Curd Choux Pastry Cygnets,Gateau St. Honoré
3,9,John,NA,NA,NA,3,2,IN,NA,Lemon MadeleinesWhite Chocolate and Raspberry TartletsDark Chocolate and Cherry Macaroons,Gateau St. Honoré a la Passion
3,9,Danny,NA,NA,NA,3,4,OUT,NA,Blackberry and Peppermint MacaroonsMiniature Raspberry and Basil FinanciersOrange and White Chocolate Langues de Chat,Rosewater and Lychee St. Honoré
3,9,James,NA,NA,NA,3,1,STAR BAKER,NA,"Lemon and Rhubarb TartletsChocolate Indulgence Petits FoursChilli, Lime and Raspberry Macaroons","Coffee, Caramel and Hazelnut Paris-Brest"
NA,9,Cathryn,NA,NA,NA,3,NA,NA,NA,NA,NA
NA,9,Manisha,NA,NA,NA,3,NA,NA,NA,NA,NA
NA,9,Natasha,NA,NA,NA,3,NA,NA,NA,NA,NA
NA,9,Peter,NA,NA,NA,3,NA,NA,NA,NA,NA
NA,9,Ryan,NA,NA,NA,3,NA,NA,NA,NA,NA
NA,9,Sarah-Jane,NA,NA,NA,3,NA,NA,NA,NA,NA
NA,9,Stuart,NA,NA,NA,3,NA,NA,NA,NA,NA
NA,9,Victoria,NA,NA,NA,3,NA,NA,NA,NA,NA
3,10,Brendan,NA,NA,NA,3,2,Runner-up,NA,Potato and Pepper Pithivier,Family Reunion Chiffon Cake
3,10,James,NA,NA,NA,3,1,Runner-up,NA,Spanish Pithivier with Chorizo and Red Pepper,United Chiffon Cakes
3,10,John,NA,NA,NA,3,2,WINNER,NA,Italian Sausage and Roasted Vegetable Pithivier,Heaven and Hell Chiffon Cake
NA,10,Cathryn,NA,NA,NA,3,NA,NA,NA,NA,NA
NA,10,Danny,NA,NA,NA,3,NA,NA,NA,NA,NA
NA,10,Manisha,NA,NA,NA,3,NA,NA,NA,NA,NA
NA,10,Natasha,NA,NA,NA,3,NA,NA,NA,NA,NA
NA,10,Peter,NA,NA,NA,3,NA,NA,NA,NA,NA
NA,10,Ryan,NA,NA,NA,3,NA,NA,NA,NA,NA
NA,10,Sarah-Jane,NA,NA,NA,3,NA,NA,NA,NA,NA
NA,10,Stuart,NA,NA,NA,3,NA,NA,NA,NA,NA
NA,10,Victoria,NA,NA,NA,3,NA,NA,NA,NA,NA
4,1,Ali,NA,NA,NA,4,11,IN,NA,Rose and Pistachio Cake,"Chocolate, Raspberry and Passion Fruit Engagement Cake"
4,1,Beca,NA,NA,NA,4,8,IN,NA,Grapefruit Sandwich Cake,Chocolate Cherry Indulgence
4,1,Christine,NA,NA,NA,4,3,IN,NA,"Strawberry, Vanilla and Rosewater Summer Basket",Chocolate and Orange 'Fripperous' Hat Cake
4,1,Deborah,NA,NA,NA,4,9,IN,NA,Pineapple Cake,'Coffee Time'
4,1,Frances,NA,NA,NA,4,7,IN,NA,Giant Jam Sandwich,Secret Squirrel Cake
4,1,Glenn,NA,NA,NA,4,4,IN,NA,Strawberries and Cream Cake,Almond and Espresso Chocolate Cake
4,1,Howard,NA,NA,NA,4,6,IN,NA,Passion Fruit and Coconut Cake,Black Forest Revisited
4,1,Kimberley,NA,NA,NA,4,10,IN,NA,Blood Orange Cake,"Chocolate, Raspberry & Basil Layer Cake"
4,1,Lucy,NA,NA,NA,4,2,IN,NA,Timperley Early Cake,Thyme 'Wildwood' Cake
4,1,Ruby,NA,NA,NA,4,12,IN,NA,Rhubarb and Custard Sandwich Cake,Chocolate and Ginger Night Sky Cake
4,1,Toby,NA,NA,NA,4,13,OUT,NA,Spiced and Iced Carrot Cake,Two Tiered Chocolate Cake
4,2,Ali,NA,NA,NA,4,9,IN,NA,Italian Grissini,Sweet and Savoury Yin Yang Bread
4,2,Beca,NA,NA,NA,4,11,IN,NA,Fennel and Chilli Breadsticks,Five Strand Christmas Wreath
4,2,Christine,NA,NA,NA,4,4,IN,NA,Mediterranean Breadsticks with Oregano,Double Plaited Loaf
4,2,Deborah,NA,NA,NA,4,8,IN,NA,Fennel & Chilli Breadsticks,Walnut Fleur Loaf
4,2,Frances,NA,NA,NA,4,2,IN,NA,Giant Matchsticks,Sailor's Knot
4,2,Glenn,NA,NA,NA,4,7,IN,NA,Rosemary and Parmesan Grissini,Harvest Crown
4,2,Howard,NA,NA,NA,4,10,IN,NA,Moroccan Breadsticks,Picasso Sun Bread
4,2,Kimberley,NA,NA,NA,4,1,IN,NA,Nigella Seed and Parmesan Breadsticks,Peace Bread
4,2,Lucy,NA,NA,NA,4,12,OUT,NA,Grissini with Salt,Roast Tomato Bread
4,2,Ruby,NA,NA,NA,4,3,STAR BAKER,NA,Mexican Breadsticks,White Chocolate and Orange Peacock Bread
NA,2,Toby,NA,NA,NA,4,NA,NA,NA,NA,NA
4,3,Ali,NA,NA,NA,4,5,IN,NA,"Coconut, Raspberry and Lemon Meringue Trifle",Vanilla Latte Mini CakesLime & Mint Shortbread Pops
4,3,Beca,NA,NA,NA,4,10,IN,NA,Orange and Ginger Trifle,Limoncello and Blueberry BurstsMillionaire Shortbread
4,3,Frances,NA,NA,NA,4,8,IN,NA,Apple and Blackberry Crumble Trifle,'Ballet Bites' Ginger NutcrackersSugar Plum Fairy Cakes
4,3,Glenn,NA,NA,NA,4,1,IN,NA,Raspberry and Almond Trifle,Billionaire BouchéesOrange Financiers
4,3,Howard,NA,NA,NA,4,7,IN,NA,Caramel and Apple Trifle*,Black Coffee and Cardamom CakesWhite Stilton and Pear Biscuits
4,3,Kimberley,NA,NA,NA,4,6,IN,NA,"Peach, Almond and Ginger Trifle",Chocolate Pistachio FinanciersLemon Bergamot Biscuits
4,3,Ruby,NA,NA,NA,4,3,IN,NA,Desert Island Trifle,Lemon Shortbread and White Chocolate SeashellsBlackberry and Chocolate Layer Cakes
4,3,Deborah,NA,NA,NA,4,9,OUT,NA,Tropical Trifle*,Canelé Cherry and Chocolate CakesRose Cookies
4,3,Christine,NA,NA,NA,4,4,STAR BAKER,NA,Caribbean Pina Colada Trifle,Ninety-NinersSachertorte Parcels
NA,3,Lucy,NA,NA,NA,4,NA,NA,NA,NA,NA
NA,3,Toby,NA,NA,NA,4,NA,NA,NA,NA,NA
4,4,Beca,NA,NA,NA,4,2,IN,NA,Mamgu's Cherry-Apple Tart,Moroccan Vegetable Filo Feast
4,4,Christine,NA,NA,NA,4,7,IN,NA,"Granny Rogers' Apple, Plum & Cinnamon Country Pie",Roasted Vegetable Filo Pie with Feta Cheese
4,4,Frances,NA,NA,NA,4,1,IN,NA,Peach Pie In the Sky,Cherry Tree Baklava Filo Pie
4,4,Glenn,NA,NA,NA,4,9,IN,NA,Apple & Maple Syrup Pie,Spanakopita (Walnut and Feta Cheese)
4,4,Howard,NA,NA,NA,4,5,IN,NA,Apple Pie with Sage Pastry,Fresh Fig and Feta Filo Flan
4,4,Ruby,NA,NA,NA,4,6,IN,NA,Apple and Marzipan Pie,"Rose, Almond and Raspberry Filo Pie"
4,4,Ali,NA,NA,NA,4,8,OUT,NA,Apple and Ginger Pie with a Pecan and Walnut Shortcrust Pastry,"Orange, Cardamom and Date M'Hanncha"
4,4,Kimberley,NA,NA,NA,4,4,STAR BAKER,NA,Pecan and Rosemary Caramel Apple Pie,"Chicken, Bacon and Butternut Squash Pie"
NA,4,Deborah,NA,NA,NA,4,NA,NA,NA,NA,NA
NA,4,Lucy,NA,NA,NA,4,NA,NA,NA,NA,NA
NA,4,Toby,NA,NA,NA,4,NA,NA,NA,NA,NA
4,5,Beca,NA,NA,NA,4,5,IN,NA,"Chocolate, Cherry and Hazelnut Brownies",Tiered Macaron and Sugar Dough Biscuit Centrepiece
4,5,Frances,NA,NA,NA,4,3,IN,NA,Millionaire Banoffee Bonus,Biscuit Buttons and Beads
4,5,Glenn,NA,NA,NA,4,2,IN,NA,Apricot and Pistachio Tiffin,Shortbread and Macaron Helter-Skelter
4,5,Howard,NA,NA,NA,4,8,IN,NA,Breakfast Traybake,Japanese Pagoda Tea Tower
4,5,Kimberley,NA,NA,NA,4,7,IN,NA,Cherry and Almond Bakewell Florentine Slice,Black and White Viennese Biscuit Stack
4,5,Ruby,NA,NA,NA,4,6,IN,NA,Blackberry and Lemon Bakewell Slice,'Dropped Ice-Cream' Biscuit Centrepiece
4,5,Christine,NA,NA,NA,4,1,STAR BAKER,NA,Mixed Berry and Almond Crumble Traybake,Shortbread Bavarian Clock Tower
NA,5,Ali,NA,NA,NA,4,NA,NA,NA,NA,NA
NA,5,Deborah,NA,NA,NA,4,NA,NA,NA,NA,NA
NA,5,Lucy,NA,NA,NA,4,NA,NA,NA,NA,NA
NA,5,Toby,NA,NA,NA,4,NA,NA,NA,NA,NA
4,6,Beca,NA,NA,NA,4,6,IN,NA,Bara Brith,Chocolate and Rum-Soaked Prune BriochesCardamom Spiced Lemon Iced Buns
4,6,Christine,NA,NA,NA,4,4,IN,NA,Oxford Nutty Fruit Loaf,Schnecken BunsVanilla Custard Skolebrød
4,6,Frances,NA,NA,NA,4,2,IN,NA,Chai Tea Loaf,Hot Cross BriochesRhubarb and Custard Kolaches
4,6,Glenn,NA,NA,NA,4,5,IN,NA,Devonshire Panettone,Almond and Apricot BriochesSticky Caramel Kanelbullen
4,6,Kimberley,NA,NA,NA,4,3,IN,NA,Chai Spiced Ginger and Date Tea Loaf,Double Chocolate and Hazelnut BriochesDanish Kanelsnurrer
4,6,Howard,NA,NA,NA,4,7,OUT,NA,Date & Hemp Yorkshire Loaf,Peachy BunsGerman Baumschnecken
4,6,Ruby,NA,NA,NA,4,1,STAR BAKER,NA,Citrus Tea Loaf,Twisted Swedish KanelbullarSaffron St. Lucia Buns
NA,6,Ali,NA,NA,NA,4,NA,NA,NA,NA,NA
NA,6,Deborah,NA,NA,NA,4,NA,NA,NA,NA,NA
NA,6,Lucy,NA,NA,NA,4,NA,NA,NA,NA,NA
NA,6,Toby,NA,NA,NA,4,NA,NA,NA,NA,NA
4,7,Beca,NA,NA,NA,4,1,IN,NA,Spring Lamb and Vegetable Suet Puddingwith Redcurrant Gravy,Nectarine and Frangipane SquaresChocolate and Hazelnut Vol-au-ventsStrawberries and Cream Mille-feuille
4,7,Christine,NA,NA,NA,4,6,IN,NA,Spotted Dick 'With a Kick'and Vanilla Custard Ice Cream,Eccles CakesFresh Fruit BasketsLemon Cream Eton Mess Mille-feuille
4,7,Kimberley,NA,NA,NA,4,4,IN,NA,Barberry and Apple Spotted Dickwith Maple Syrup and White Chocolate Custard,"Pear, Malt and Butterscotch Mille-feuilleBlackberry and Lemon Verbena Crème Brûle Custard TartsFig, Orange and Thyme Galette"
4,7,Ruby,NA,NA,NA,4,2,IN,NA,Plum Jam Roly-Polywith Ginger Ice cream,Raspberry and Passion Fruit Mille-feuilleCaramelised Apple LatticePortuguese Custard Tarts
4,7,Glenn,NA,NA,NA,4,3,OUT,NA,Prune and Armagnac Puddingwith Boozy Butterscotch Sauce,Caramelised Apple and Marzipan TartletsChocolate Elephant EarsPassion Fruit Mille-feuille
4,7,Frances,NA,NA,NA,4,5,STAR BAKER,NA,Figgy Roll-y Poly Puddingwith Caramelised Walnut and Honey Ice-Cream,French Framboise Cream HornsSheet Music Mille-feuilleBass Clef Palmiers
NA,7,Ali,NA,NA,NA,4,NA,NA,NA,NA,NA
NA,7,Deborah,NA,NA,NA,4,NA,NA,NA,NA,NA
NA,7,Howard,NA,NA,NA,4,NA,NA,NA,NA,NA
NA,7,Lucy,NA,NA,NA,4,NA,NA,NA,NA,NA
NA,7,Mark,NA,NA,NA,4,NA,NA,NA,NA,NA
NA,7,Toby,NA,NA,NA,4,NA,NA,NA,NA,NA
4,8,Beca,NA,NA,NA,4,4,IN,NA,"Potato, Spelt and Rosemary Focaccia",Spiced Butternut Squash and Pecan 'Cheese' Cake
4,8,Frances,NA,NA,NA,4,3,IN,NA,'Chelsea Flour Show' Bun Bouquet,"Hidden Carrot Cake (Ground Praline, Beetroot and Walnut)"
4,8,Kimberley,NA,NA,NA,4,2,IN,NA,Wild Garlic Pesto and Parma Ham Spelt Loaf,Butternut Squash and Spice Cake Toadstool House
4,8,Christine,NA,NA,NA,4,5,OUT,NA,"Multi-Seeded Loaf with Pumpkin, Sesame and Sunflower Seeds",Sweet Potato Guitar with Passion Fruit Icing and Marshmallow Fondant
4,8,Ruby,NA,NA,NA,4,1,STAR BAKER,NA,Mango and Nigella Seed Spelt Cob,Carrot Cake and Pistachio Garden Plot
NA,8,Ali,NA,NA,NA,4,NA,NA,NA,NA,NA
NA,8,Deborah,NA,NA,NA,4,NA,NA,NA,NA,NA
NA,8,Glenn,NA,NA,NA,4,NA,NA,NA,NA,NA
NA,8,Howard,NA,NA,NA,4,NA,NA,NA,NA,NA
NA,8,Lucy,NA,NA,NA,4,NA,NA,NA,NA,NA
NA,8,Mark,NA,NA,NA,4,NA,NA,NA,NA,NA
NA,8,Toby,NA,NA,NA,4,NA,NA,NA,NA,NA
4,9,Frances,NA,NA,NA,4,2,IN,NA,"Legume Canapés:
Chantenay CarrotsChoux Pastry TomatoesCauliflower Cheese Scones",Great British Soap Opera Cake
4,9,Ruby,NA,NA,NA,4,4,IN,NA,"Beetroot Jelly on Poppy Seed BiscuitsSpinach, Parmesan and Egg TartletsChoux Buns with Goat's Cheese and Caramelised Onions","Chocolate, Almond Praline and Saffron Opera Cake"
4,9,Beca,NA,NA,NA,4,3,OUT,NA,Stilton and Walnut MacaronsBeetroot and Salmon Choux PuffsWelsh Rarebit Tartlets,Banoffee Opera Cake
4,9,Kimberley,NA,NA,NA,4,1,STAR BAKER,NA,Pea Purée TartsCrab and Wasabi ProfiterolesSteamed Buns with Barbecue Chicken,Passion Fruit and Lime Opera Cake
NA,9,Ali,NA,NA,NA,4,NA,NA,NA,NA,NA
NA,9,Christine,NA,NA,NA,4,NA,NA,NA,NA,NA
NA,9,Deborah,NA,NA,NA,4,NA,NA,NA,NA,NA
NA,9,Glenn,NA,NA,NA,4,NA,NA,NA,NA,NA
NA,9,Howard,NA,NA,NA,4,NA,NA,NA,NA,NA
NA,9,Lucy,NA,NA,NA,4,NA,NA,NA,NA,NA
NA,9,Mark,NA,NA,NA,4,NA,NA,NA,NA,NA
NA,9,Robert,NA,NA,NA,4,NA,NA,NA,NA,NA
NA,9,Toby,NA,NA,NA,4,NA,NA,NA,NA,NA
4,10,Kimberley,NA,NA,NA,4,1,Runner-up,NA,Chicken and Pig Pie,Languages of Love Wedding Cake
4,10,Ruby,NA,NA,NA,4,2,Runner-up,NA,Picnic Basket Pie,"Raspberry, Lemon and Passion Fruit Wedding Cake"
4,10,Frances,NA,NA,NA,4,3,WINNER,NA,Rainbow Picnic Pie,Midsummer Night's Dream Wedding Cake
NA,10,Ali,NA,NA,NA,4,NA,NA,NA,NA,NA
NA,10,Beca,NA,NA,NA,4,NA,NA,NA,NA,NA
NA,10,Christine,NA,NA,NA,4,NA,NA,NA,NA,NA
NA,10,Deborah,NA,NA,NA,4,NA,NA,NA,NA,NA
NA,10,Glenn,NA,NA,NA,4,NA,NA,NA,NA,NA
NA,10,Howard,NA,NA,NA,4,NA,NA,NA,NA,NA
NA,10,Lucy,NA,NA,NA,4,NA,NA,NA,NA,NA
NA,10,Mark,NA,NA,NA,4,NA,NA,NA,NA,NA
NA,10,Robert,NA,NA,NA,4,NA,NA,NA,NA,NA
NA,10,Toby,NA,NA,NA,4,NA,NA,NA,NA,NA
5,1,Chetna,NA,NA,NA,5,3,IN,NA,"Cardamom, Pistachio and Coffee Swiss Roll",Tiered Victoria Sponges with Lemon Curd and Raspberry Cream
5,1,Diana,NA,NA,NA,5,5,IN,NA,Mum's Sunday Tea Lemon Curd Swiss Roll,Chocolate Ganache Surprises
5,1,Enwezor,NA,NA,NA,5,9,IN,NA,Raspberry and Lemon Swiss Roll,Coffee and Walnut Battenberg Squares
5,1,Iain,NA,NA,NA,5,4,IN,NA,Apricot and Basil Swiss Roll with Mascarpone and White Chocolate Cream,"Lemon Drizzle Cakes with Mascarpone Filling, Drizzled Icing, and Candied Lemon"
5,1,Jordan,NA,NA,NA,5,12,IN,NA,Kawaii Frasier Swiss Roll,Lemon Drizzle Cakes with Blueberry and Lemon Curd
5,1,Kate,NA,NA,NA,5,6,IN,NA,Red Velvet and White Chocolate Swiss Roll,Mini Tiered Victoria Sponges
5,1,Luis,NA,NA,NA,5,7,IN,NA,Spanish Swiss Roll,Raspberry and Lemon Genoise Slices with Lemon Drizzles
5,1,Martha,NA,NA,NA,5,2,IN,NA,Tiramisu Swiss Roll,Mini Lemon and Thyme Drizzle Cakes
5,1,Norman,NA,NA,NA,5,11,IN,NA,Black Forest Swiss Roll,Almond and Raspberry Mini Cakes
5,1,Richard,NA,NA,NA,5,10,IN,NA,Pistachio and Strawberry Swiss Roll,Miniature Coffee & Walnut Cakes
5,1,Claire,NA,NA,NA,5,8,OUT,NA,Chocolatey Orangey Swirly Roll,Mini Chocolate and Cherry Cakes
5,1,Nancy,NA,NA,NA,5,1,STAR BAKER,NA,Coffee and Hazelnut Swiss Roll,Jaffa Orange Cakes
5,2,Chetna,NA,NA,NA,5,8,IN,NA,Fenugreek and Carom Crackers,Day On The Beach
5,2,Diana,NA,NA,NA,5,7,IN,NA,Parmesan Triangles,"Express, First Class"
5,2,Iain,NA,NA,NA,5,11,IN,NA,Za'atar and Fig Biscuits,Wild West Scene
5,2,Jordan,NA,NA,NA,5,6,IN,NA,"Sourdough, Parmesan and Chilli Biscuits",Monster Attack
5,2,Kate,NA,NA,NA,5,4,IN,NA,Parmesan and Apple Biscuits,Tea Time
5,2,Luis,NA,NA,NA,5,3,IN,NA,Black Olive and Rosemary Biscuits with Caramelised Onion Glaze,George Versus The Dragon
5,2,Martha,NA,NA,NA,5,5,IN,NA,Caramelised Onion and Goat's Cheese Sandwich Biscuits,Ski Village Scene
5,2,Nancy,NA,NA,NA,5,2,IN,NA,Fennel and Rye Thins,Hansel and Gretel Scene
5,2,Norman,NA,NA,NA,5,10,IN,NA,Farthing Biscuits,Zulu Boats at Dawn
5,2,Enwezor,NA,NA,NA,5,9,OUT,NA,Pumpkin and Sunflower Savoury Biscuits,Space Adventure Moon Scene
5,2,Richard,NA,NA,NA,5,1,STAR BAKER,NA,Rosemary Seeded Crackers,Pirates!
NA,2,Claire,NA,NA,NA,5,NA,NA,NA,NA,NA
5,3,Chetna,NA,NA,NA,5,8,IN,NA,Onion and Pine Nut Rolls,Rolled and Filled Twin Loaf
5,3,Diana,NA,NA,NA,5,7,IN,NA,Rustic Picnic Rolls,Sharing Savoury Pinwheel
5,3,Iain,NA,NA,NA,5,9,IN,NA,Cranberry and Walnut Rye Bread Rolls,Moroccan Plaited with a Bessara Dip
5,3,Kate,NA,NA,NA,5,1,IN,NA,Orange and Cardamom Rye Bread Knots,"Prosciutto, Olive and Coriander Bread"
5,3,Martha,NA,NA,NA,5,3,IN,NA,Date and Walnut Rye Rolls,Stuffed Sunflower Loaf
5,3,Nancy,NA,NA,NA,5,5,IN,NA,Cider and Walnut Crusty Rolls,'Full English' Stromboli
5,3,Norman,NA,NA,NA,5,4,IN,NA,Rye Bread Rolls,Chicken and Roasted Vegetable Picnic Loaf
5,3,Richard,NA,NA,NA,5,6,IN,NA,Rye and Cranberry Rolls,Pesto Pinwheel
5,3,Jordan,NA,NA,NA,5,10,OUT,NA,Rye and Spelt Bread Rolls,Strawberry Raspberry Cheesecake Brioche
5,3,Luis,NA,NA,NA,5,2,STAR BAKER,NA,Opposites Attract Rolls,Roscón de Reyes
NA,3,Claire,NA,NA,NA,5,NA,NA,NA,NA,NA
NA,3,Enwezor,NA,NA,NA,5,NA,NA,NA,NA,NA
5,4,Chetna,NA,NA,NA,5,3,IN,NA,"Rhubarb, Strawberry and Orange Puddings","Mango, Raspberry and Coconut Baked Alaska"
5,4,Diana,NA,NA,NA,5,9,IN,NA,Orange and Lemon Curd Pots,Raspberry Ripple Alaska Swan
5,4,Kate,NA,NA,NA,5,7,IN,NA,Chocolate and Salted Caramel Molten Puddings,"Pistachio, Raspberry and Chocolate Baked Alaska"
5,4,Luis,NA,NA,NA,5,2,IN,NA,Pears in Puddings,Bakewell Alaska
5,4,Martha,NA,NA,NA,5,1,IN,NA,Peanut Butter Chocolate Fondants,Key Lime Baked Alaska
5,4,Nancy,NA,NA,NA,5,4,IN,NA,Pistachio Puddings with Chocolate Sauce,Summer Pudding Alaska
5,4,Norman,NA,NA,NA,5,8,IN,NA,Mini Sticky Toffee Puddings,Baked Alaska with Strawberry Surprise
5,4,Iain,NA,NA,NA,5,6,OUT,NA,"Chocolate, Lime and Raspberry Fondants","Chocolate, Black Sesame Seed and Coffee Caramel Baked Alaska (not presented)"
5,4,Richard,NA,NA,NA,5,5,STAR BAKER,NA,Black Forest Chocolate Fondants,Tiramisu Baked Alaska
NA,4,Claire,NA,NA,NA,5,NA,NA,NA,NA,NA
NA,4,Enwezor,NA,NA,NA,5,NA,NA,NA,NA,NA
NA,4,Jordan,NA,NA,NA,5,NA,NA,NA,NA,NA
5,5,Chetna,NA,NA,NA,5,2,IN,NA,Rice Custard Tart with Mangoes and Raspberries,Fusion Tiered Pies
5,5,Luis,NA,NA,NA,5,6,IN,NA,Tropical Manchester Tart,Four Fruity Seasons Tower
5,5,Martha,NA,NA,NA,5,1,IN,NA,"Pistachio, Apricot and Honey Custard Tart",Three Little Pigs Pie
5,5,Nancy,NA,NA,NA,5,4,IN,NA,Chocolate Crusted Passion Fruit Tart,Trio of Apple Pies
5,5,Richard,NA,NA,NA,5,7,IN,NA,Fig and Orange Tart,Three Course Autumn Pie Feast
5,5,Norman,NA,NA,NA,5,5,OUT,NA,Tarte au Citron,Pieful Tower
5,5,Kate,NA,NA,NA,5,3,STAR BAKER,NA,Rhubarb and Custard Tart,"Rhubarb, Prune and Apple Pies"
NA,5,Diana,NA,NA,NA,5,NA,WD,NA,NA,NA
NA,5,Claire,NA,NA,NA,5,NA,NA,NA,NA,NA
NA,5,Enwezor,NA,NA,NA,5,NA,NA,NA,NA,NA
NA,5,Iain,NA,NA,NA,5,NA,NA,NA,NA,NA
NA,5,Jordan,NA,NA,NA,5,NA,NA,NA,NA,NA
NA,6,Diana,NA,NA,NA,5,NA,IN,NA,NA,NA
5,6,Kate,NA,NA,NA,5,6,IN,NA,"Pecan, Chocolate and Sour Cherry Yeast Cake",Trio of Dobos Tortes
5,6,Luis,NA,NA,NA,5,3,IN,NA,Apple and Cinnamon Kugelhopf with Honeyed Apples,The Cage on the Rocky Hill
5,6,Martha,NA,NA,NA,5,4,IN,NA,Dark Chocolate and Almond Liqueur Savarin,Chess-Themed Chocolate and Salted Caramel Dobos Torte
5,6,Nancy,NA,NA,NA,5,1,IN,NA,Rum Punch Savarin with Coconut Cream and Tropical Fruits,Chocolate and Caramel Dobos Torte
5,6,Richard,NA,NA,NA,5,5,IN,NA,Fruity Guglhupf with an Orange Glaze,Sugar Forest Dobos Torte
5,6,Chetna,NA,NA,NA,5,2,STAR BAKER,NA,Orange Savarin with Cinnamon Cream,Almond Liqueur Dobos Torte with Chocolate Caramel Buttercream
NA,6,Claire,NA,NA,NA,5,NA,NA,NA,NA,NA
NA,6,Enwezor,NA,NA,NA,5,NA,NA,NA,NA,NA
NA,6,Iain,NA,NA,NA,5,NA,NA,NA,NA,NA
NA,6,Jordan,NA,NA,NA,5,NA,NA,NA,NA,NA
NA,6,Norman,NA,NA,NA,5,NA,NA,NA,NA,NA
5,7,Chetna,NA,NA,NA,5,6,IN,NA,Crispy Lentil Kachori,Chocolate and Mango & Lemon Meringue Éclairs
NA,7,Diana,NA,NA,NA,5,NA,IN,NA,NA,NA
5,7,Luis,NA,NA,NA,5,5,IN,NA,Childhood Empanadas,"Stars and Stripes Éclairs
(Blueberry Cheesecake & Peanut Butter and Jelly Éclairs)"
5,7,Martha,NA,NA,NA,5,3,IN,NA,Mini Beef Wellingtons,Rhubarb and Custard & Maple Syrup and Bacon Éclairs
5,7,Nancy,NA,NA,NA,5,2,IN,NA,Spicy Duck Pasties,Smoked Salmon and Horseradish & Raspberry Ripple Éclairs
5,7,Kate,NA,NA,NA,5,4,OUT,NA,Spinach and Paneer Spicy Samosa,Neapolitan & Lemon Meringue Éclairs
5,7,Richard,NA,NA,NA,5,1,STAR BAKER,NA,Minted Lamb Pasties,"Stair of Éclairs
(Lavender and Blueberry & Rose and Raspberry Éclairs)"
NA,7,Claire,NA,NA,NA,5,NA,NA,NA,NA,NA
NA,7,Enwezor,NA,NA,NA,5,NA,NA,NA,NA,NA
NA,7,Iain,NA,NA,NA,5,NA,NA,NA,NA,NA
NA,7,Jordan,NA,NA,NA,5,NA,NA,NA,NA,NA
NA,7,Norman,NA,NA,NA,5,NA,NA,NA,NA,NA
5,8,Chetna,NA,NA,NA,5,1,IN,NA,Date and Walnut Swirl Bread,Chocolate Mousse Filled DoughnutsBraided Doughnuts
NA,8,Diana,NA,NA,NA,5,NA,IN,NA,NA,NA
5,8,Luis,NA,NA,NA,5,2,IN,NA,Black Forest Cherry Tree,"Cocktail Doughnuts
(Mudslide & Raspberry Mojito)"
5,8,Nancy,NA,NA,NA,5,3,IN,NA,Lincolnshire Plum Braid,"Doughnut Family Tree
(Limoncello and Almond & Milk Chocolate and Orange)"
5,8,Martha,NA,NA,NA,5,5,OUT,NA,Spiced Plum Iced Bread Swirl,Glazed Lemon & Poppy Seed DoughnutsChocolate & Passion Fruit Doughnuts
5,8,Richard,NA,NA,NA,5,4,STAR BAKER,NA,Fruit Swedish Tea Ring,Rhubarb and Custard and Toffee Apple Doughnuts
NA,8,Claire,NA,NA,NA,5,NA,NA,NA,NA,NA
NA,8,Enwezor,NA,NA,NA,5,NA,NA,NA,NA,NA
NA,8,Iain,NA,NA,NA,5,NA,NA,NA,NA,NA
NA,8,Jordan,NA,NA,NA,5,NA,NA,NA,NA,NA
8,8,Kate,NA,NA,NA,5,NA,NA,NA,Burrito Bedfordshire Clangers,'Liver Building Turret' Savoy Cake
NA,8,Norman,NA,NA,NA,5,NA,NA,NA,NA,NA
NA,9,Diana,NA,NA,NA,5,NA,IN,NA,NA,NA
5,9,Luis,NA,NA,NA,5,1,IN,NA,Indian Rose BaklavaHalwa Baklava Rolls,"Chocolate Mousse & Cherry EntremetsPomegranate, Fig & Pistachio Sponges"
5,9,Nancy,NA,NA,NA,5,3,IN,NA,Coffee and Chocolate BaklavaBreakfast Baklava,Raspberry NonnettesLime and Passion Fruit Entremets
5,9,Chetna,NA,NA,NA,5,4,OUT,NA,Chocolate Orange Baklava Masala Chai Baklava,"Chocolate, Orange & Nut EntremetsCappuccino Entremets"
5,9,Richard,NA,NA,NA,5,2,STAR BAKER,NA,Rose and Pistachio BaklavaWalnut and Almond Baklava,Hazelnut Mocha EntremetsPink Grapefruit Entremets
NA,9,Claire,NA,NA,NA,5,NA,NA,NA,NA,NA
NA,9,Enwezor,NA,NA,NA,5,NA,NA,NA,NA,NA
NA,9,Iain,NA,NA,NA,5,NA,NA,NA,NA,NA
NA,9,Jordan,NA,NA,NA,5,NA,NA,NA,NA,NA
8,9,Kate,NA,NA,NA,5,NA,NA,NA,Bellini and Valencian Orange Choux Buns,'Rainbow' Meringue Centrepiece
NA,9,Martha,NA,NA,NA,5,NA,NA,NA,NA,NA
NA,9,Norman,NA,NA,NA,5,NA,NA,NA,NA,NA
NA,10,Diana,NA,NA,NA,5,NA,IN,NA,NA,NA
5,10,Luis,NA,NA,NA,5,2,Runner-up,NA,"Apple, Walnut, Raisin and Cheshire Cheese ChaussonsPain au Chocolat Blanc with Raspberries and Cream Cheese",Village in Chocolate
5,10,Richard,NA,NA,NA,5,3,Runner-up,NA,Pear Pain au ChocolatPain Au Lait,Mill on the Hill
5,10,Nancy,NA,NA,NA,5,1,WINNER,NA,Apple and Lemon KitesRaspberry and Almond Croissants,Red Windmill
NA,10,Chetna,NA,NA,NA,5,NA,NA,NA,NA,NA
NA,10,Claire,NA,NA,NA,5,NA,NA,NA,NA,NA
NA,10,Enwezor,NA,NA,NA,5,NA,NA,NA,NA,NA
NA,10,Iain,NA,NA,NA,5,NA,NA,NA,NA,NA
NA,10,Jordan,NA,NA,NA,5,NA,NA,NA,NA,NA
8,10,Kate,NA,NA,NA,5,NA,NA,NA,"Roman Spelt, Coconut Kala Chana and Flower Breads","White Chocolate, Yuzu and Lychee Entremet"
NA,10,Martha,NA,NA,NA,5,NA,NA,NA,NA,NA
NA,10,Norman,NA,NA,NA,5,NA,NA,NA,NA,NA
6,1,Alvin,NA,NA,NA,6,2,IN,NA,Orange Vanilla and Fig Madeira Cake,Black Forest Gâteau
6,1,Dorret,NA,NA,NA,6,5,IN,NA,Madeira Cake with Candied Lemons,Enchanted Forest Gâteau
6,1,Flora,NA,NA,NA,6,6,IN,NA,Blood Orange Madeira Cake,Black Forest Gâteau
6,1,Mat,NA,NA,NA,6,7,IN,NA,Gin and Tonic Madeira Cake,Black Forest Gateau
6,1,Nadiya,NA,NA,NA,6,12,IN,NA,Orange and Green Cardamom Madeira Cake,Quadruple Chocolate Black Forest Gâteau
6,1,Paul,NA,NA,NA,6,10,IN,NA,"Lemon, Ginger and Caraway Seed Madeira Cake",Black Forest Chocolate Creation
6,1,Sandy,NA,NA,NA,6,9,IN,NA,Madeira Cake with Almond Liqueur and Chopped Apricots,Black Forest Gâteau
6,1,Tamal,NA,NA,NA,6,4,IN,NA,Pistachio and Rose Madeira Cake,Black Forest Gâteau in a Chocolate Shell
6,1,Ugnė,NA,NA,NA,6,1,IN,NA,Lemon and Thyme Madeira Cake,Falling Cup Gâteau
6,1,Stu,NA,NA,NA,6,11,OUT,NA,Marley Madeira Cake,Purple Forest Gâteau
6,1,Marie,NA,NA,NA,6,3,STAR BAKER,NA,Zingy Citrus Madeira Cake,A Walk in the Black Forest
6,2,Alvin,NA,NA,NA,6,6,IN,NA,"Jackfruit, Pistachio and Macadamia Biscotti",Gingerbread Box filled with Brandy Snaps
6,2,Dorret,NA,NA,NA,6,1,IN,NA,Almond and Apricot Biscotti with Amber Sugar Crystals,Box of Frogs
6,2,Flora,NA,NA,NA,6,2,IN,NA,Wedding Biscotti,Honey and Earl Grey Tea Box
6,2,Mat,NA,NA,NA,6,5,IN,NA,"Pistachio, Cranberry and White Chocolate Biscotti",Gingerbread Fire Engine
6,2,Nadiya,NA,NA,NA,6,9,IN,NA,"Coconut, Fennel and Pistachio Biscotti",Box of Fortunes
6,2,Paul,NA,NA,NA,6,10,IN,NA,"Chocolate, Hazelnut and Fig Biscotti",Memory Box
6,2,Sandy,NA,NA,NA,6,4,IN,NA,Chocolate Chunk and Hazelnut Biscotti,Sundried Tomato Cheese Biscuit Box
6,2,Tamal,NA,NA,NA,6,8,IN,NA,"Cinnamon, Maple and Cranberry Biscotti",Chessboard Box
6,2,Ugnė,NA,NA,NA,6,7,IN,NA,White Wine Biscotti,Baby Climbing into the Cookie Box
6,2,Marie,NA,NA,NA,6,11,OUT,NA,Biscotti Italiano,Russian Box
NA,2,Stu,NA,NA,NA,6,NA,NA,NA,NA,NA
6,3,Alvin,NA,NA,NA,6,4,IN,NA,"Prosciutto, Manchego and Balsamic Onion Soda Breads",Cornucopia
6,3,Flora,NA,NA,NA,6,2,IN,NA,Fig and Hazelnut Rye Breads,Herb Couture
6,3,Mat,NA,NA,NA,6,8,IN,NA,"Jalapeño, Mexican Cheddar and Smoked Salt Soda Breads",Curry Inspired Brighton Pavilion
6,3,Nadiya,NA,NA,NA,6,9,IN,NA,Mexican Bread with Warm Tomato Salsa,Snake Charmer's Basket
6,3,Paul,NA,NA,NA,6,10,IN,NA,Cranberry and Orange Sweet Soda Breads,King of the Jungle
6,3,Sandy,NA,NA,NA,6,7,IN,NA,Soda Breads with Smoked Bacon and Onion,Basket of Bread Flowers with a Walnut and Blue Cheese Centre
6,3,Tamal,NA,NA,NA,6,3,IN,NA,"Fig, Cheese and Walnut Breads",Breadcycle
6,3,Ugnė,NA,NA,NA,6,5,IN,NA,Chocolate Quick Breads with Salted Caramel Sauce,Easter Basket
6,3,Dorret,NA,NA,NA,6,6,OUT,NA,Walnut and Stilton Soda Breads,Unmade Bread
NA,3,Marie,NA,NA,NA,6,NA,NA,NA,NA,NA
NA,3,Stu,NA,NA,NA,6,NA,NA,NA,NA,NA
6,4,Alvin,NA,NA,NA,6,9,IN,NA,Blackberry Crème Brûlées,Tower of Fruits Cheesecakes
6,4,Flora,NA,NA,NA,6,3,IN,NA,Rhubarb and Ginger Crème Brûlées,Elderflower and Granola Cheesecakes
6,4,Mat,NA,NA,NA,6,7,IN,NA,Coconut Crème Brûlées,Chocolate Bar Cheesecakes
6,4,Nadiya,NA,NA,NA,6,8,IN,NA,Cinnamon Tea Crème Brûlées,Fizzy Pop Cheesecakes
6,4,Paul,NA,NA,NA,6,1,IN,NA,Almond Crème Brûlées,Berry Cheesecake Tower
6,4,Tamal,NA,NA,NA,6,5,IN,NA,Rhubarb and Ginger Crème Brûlées,"Mango, Hazelnut and Rosemary Cheesecake Trio"
6,4,Ugnė,NA,NA,NA,6,2,IN,NA,Marula Fruit and Coffee Liqueur Crème Brûlées,"Lime, Coconut and Hazelnut Cheesecakes"
6,4,Sandy,NA,NA,NA,6,6,OUT,NA,Pontefract Crème Brûlées,"Cassata, Whisky and Orange & Apple Pie Cheesecakes"
NA,4,Dorret,NA,NA,NA,6,NA,NA,NA,NA,NA
NA,4,Marie,NA,NA,NA,6,NA,NA,NA,NA,NA
NA,4,Stu,NA,NA,NA,6,NA,NA,NA,NA,NA
6,5,Alvin,NA,NA,NA,6,8,IN,NA,Pineapple Upside Down Cake,"Buko Pandan, Mango and Passion Fruit Ice Cream Roll"
6,5,Flora,NA,NA,NA,6,3,IN,NA,"Pistachio, Apple and Cardamom Madeleine Cake",Chocolate and Pear Bûche
6,5,Mat,NA,NA,NA,6,4,IN,NA,Sugar Free Carrot Cake,Raspberry and Coconut Ice Cream Roll
6,5,Paul,NA,NA,NA,6,2,IN,NA,Carrot & Pecan Cake,Dessert Island Getaway
6,5,Tamal,NA,NA,NA,6,7,IN,NA,Honey and Grapefruit Polenta Cake,Passion Fruit and Pineapple Ice Cream Roll
6,5,Ugnė,NA,NA,NA,6,6,OUT,NA,Chocolate and Hazelnut Sugar-Free Cake,"Chocolate, Peanut Butter and Grape Jam Roll"
6,5,Nadiya,NA,NA,NA,6,1,STAR BAKER,NA,Naked Blueberry and Caraway Crunch Cake,Chocolate and Strawberry Lime Ice Cream Roll
NA,5,Dorret,NA,NA,NA,6,NA,NA,NA,NA,NA
NA,5,Marie,NA,NA,NA,6,NA,NA,NA,NA,NA
NA,5,Sandy,NA,NA,NA,6,NA,NA,NA,NA,NA
NA,5,Stu,NA,NA,NA,6,NA,NA,NA,NA,NA
6,6,Flora,NA,NA,NA,6,2,IN,NA,Apricot and Rosemary Frangipane Tart,Asparagus and Parma Ham and Praline and Chocolate Vol-au-vents
6,6,Nadiya,NA,NA,NA,6,4,IN,NA,"Bay Leaf, Rong Tea and Pear Tart",Bengali Korma and Clementine with Cod Vol-au-vents
6,6,Paul,NA,NA,NA,6,5,IN,NA,Christmas Frangipane Tart,Savoury and Sweet Bouchées
6,6,Tamal,NA,NA,NA,6,7,IN,NA,Spiced Pear Frangipane Tart,Fennel and Rosemary Pulled Pork and Chicken and Coriander vol-au-vents
6,6,Alvin,NA,NA,NA,6,6,OUT,NA,Plum Frangipane Tart,Smoked Salmon En Croûte and Vermouth Chicken à la King Vol-au-vents
6,6,Mat,NA,NA,NA,6,1,STAR BAKER,NA,Piña Colada Frangipane Tart,His 'n' Hers Vol-au-vents
NA,6,Dorret,NA,NA,NA,6,NA,NA,NA,NA,NA
NA,6,Marie,NA,NA,NA,6,NA,NA,NA,NA,NA
NA,6,Sandy,NA,NA,NA,6,NA,NA,NA,NA,NA
NA,6,Stu,NA,NA,NA,6,NA,NA,NA,NA,NA
NA,6,Ugnė,NA,NA,NA,6,NA,NA,NA,NA,NA
6,7,Flora,NA,NA,NA,6,4,IN,NA,Game Pie with Shallot and Apple Chutney,"Raspberry, Pomegranate and Champagne Charlotte Russe"
6,7,Nadiya,NA,NA,NA,6,1,IN,NA,Aromatic Raised Game Pie,Mango and Raspberry Charlotte Russe
6,7,Paul,NA,NA,NA,6,2,IN,NA,Not a Boaring Pie,Charlotte Rose
6,7,Mat,NA,NA,NA,6,6,OUT,NA,Raised Venison and Pigeon Pie,Strawberry Charlotte Russe
6,7,Tamal,NA,NA,NA,6,3,STAR BAKER,NA,Middle Eastern Game Pie,"Spiced Blackberry, Raspberry and Cardamom Charlotte Russe"
NA,7,Alvin,NA,NA,NA,6,NA,NA,NA,NA,NA
NA,7,Dorret,NA,NA,NA,6,NA,NA,NA,NA,NA
NA,7,Marie,NA,NA,NA,6,NA,NA,NA,NA,NA
NA,7,Sandy,NA,NA,NA,6,NA,NA,NA,NA,NA
NA,7,Stu,NA,NA,NA,6,NA,NA,NA,NA,NA
NA,7,Ugnė,NA,NA,NA,6,NA,NA,NA,NA,NA
6,8,Flora,NA,NA,NA,6,3,IN,NA,Peach & Lemon Thyme and Smoked Almond & Butterscotch Cream Horns,Lime & Basil and Coconut & White Chocolate Religieuse à l'ancienne
6,8,Tamal,NA,NA,NA,6,4,IN,NA,Lime & Mascarpone and Malt Cream Horns,Passionfruit & Mango and Pistachio & Raspberry Religieuse à l'ancienne
6,8,Paul,NA,NA,NA,6,5,OUT,NA,Café Tipple & Banana Crunch-away Horns,Religieuse à l'ancienne
6,8,Nadiya,NA,NA,NA,6,1,STAR BAKER,NA,Rose Pistachio and Mocha Hazelnut Horns,Bubble Gum and Peppermint Cream Religieuse à l'ancienne
NA,8,Alvin,NA,NA,NA,6,NA,NA,NA,NA,NA
NA,8,Dorret,NA,NA,NA,6,NA,NA,NA,NA,NA
NA,8,Marie,NA,NA,NA,6,NA,NA,NA,NA,NA
NA,8,Mat,NA,NA,NA,6,NA,NA,NA,NA,NA
NA,8,Sandy,NA,NA,NA,6,NA,NA,NA,NA,NA
NA,8,Stu,NA,NA,NA,6,NA,NA,NA,NA,NA
NA,8,Ugnė,NA,NA,NA,6,NA,NA,NA,NA,NA
6,9,Ian,NA,NA,NA,6,3,IN,NA,Chocolate and Bay Tart,Chocolate Well
6,9,Tamal,NA,NA,NA,6,2,IN,NA,Chocolate New York Pie,Chocolate Bell Tower
6,9,Flora,NA,NA,NA,6,1,OUT,NA,Passion Fruit and Chocolate Tart,Cocoa Carousel
6,9,Nadiya,NA,NA,NA,6,4,STAR BAKER,NA,Peanut Salted Caramel and Chocolate Tart,Peacock in Nan's Door
NA,9,Alvin,NA,NA,NA,6,NA,NA,NA,NA,NA
NA,9,Dorret,NA,NA,NA,6,NA,NA,NA,NA,NA
NA,9,Marie,NA,NA,NA,6,NA,NA,NA,NA,NA
NA,9,Mat,NA,NA,NA,6,NA,NA,NA,NA,NA
NA,9,Paul,NA,NA,NA,6,NA,NA,NA,NA,NA
NA,9,Sandy,NA,NA,NA,6,NA,NA,NA,NA,NA
NA,9,Stu,NA,NA,NA,6,NA,NA,NA,NA,NA
NA,9,Ugnė,NA,NA,NA,6,NA,NA,NA,NA,NA
6,10,Ian,NA,NA,NA,6,2,Runner-up,NA,Elderflower and Lemon & Spiced Buns,Colossal Curvy Carrot Cake
6,10,Tamal,NA,NA,NA,6,3,Runner-up,NA,Cinnamon and Apple & Toffee and Marmalade Iced Buns,Sticky Toffee Pudding Cake
6,10,Nadiya,NA,NA,NA,6,1,WINNER,NA,Cardamom and Almond Buns & Nutmeg and Sour Cherry Fingers,My Big Fat British Wedding Cake
NA,10,Alvin,NA,NA,NA,6,NA,NA,NA,NA,NA
NA,10,Dorret,NA,NA,NA,6,NA,NA,NA,NA,NA
NA,10,Flora,NA,NA,NA,6,NA,NA,NA,NA,NA
NA,10,Marie,NA,NA,NA,6,NA,NA,NA,NA,NA
NA,10,Mat,NA,NA,NA,6,NA,NA,NA,NA,NA
NA,10,Paul,NA,NA,NA,6,NA,NA,NA,NA,NA
NA,10,Sandy,NA,NA,NA,6,NA,NA,NA,NA,NA
NA,10,Stu,NA,NA,NA,6,NA,NA,NA,NA,NA
NA,10,Ugnė,NA,NA,NA,6,NA,NA,NA,NA,NA
7,1,Andrew,NA,NA,NA,7,12,IN,NA,Lemon and Rosemary Drizzle Cake,'Ultimate Indulgence' Mirror Glaze Cake
7,1,Benjamina,NA,NA,NA,7,6,IN,NA,"Pistachio, Cardamom and Lemon Drizzle Cake",White Chocolate Mirror Glaze with Salted Praline Buttercream
7,1,Candice,NA,NA,NA,7,5,IN,NA,Raspberry and Rhubarb Drizzle Custard Bundt Cake,"Mirror Mirror On The Wall, Who Is The Shiniest Cake Of Them All?"
7,1,Michael,NA,NA,NA,7,3,IN,NA,"Lime, Ginger and Honey Drizzle Cake",Matcha Tea Chocolate Mirror Glaze
7,1,Rav,NA,NA,NA,7,8,IN,NA,Ginger Spice Yuzu Drizzle Cake,Colombian Mocha Mirror Glaze Cake
7,1,Selasi,NA,NA,NA,7,1,IN,NA,Citrus and Spice Drizzle Cake,"Raspberry, Sloe and White Chocolate Mirror Glaze Cake"
7,1,Tom,NA,NA,NA,7,2,IN,NA,G&T Drizzle Cake,Black Forest Broken Mirror
7,1,Val,NA,NA,NA,7,10,IN,NA,Mum's Orange and Lemon Drizzle,Chocolate Sponge with Four Fruit Frosting
7,1,Lee,NA,NA,NA,7,11,OUT,NA,St. Clements Orange and Lemon Drizzle Cake,Strawberry Surprise Mirror Cake
7,1,Jane,NA,NA,NA,7,7,STAR BAKER,NA,Lemon and Poppy Seed Drizzle Cake,Chocolate Orange Mirror Cake
7,2,Andrew,NA,NA,NA,7,4,IN,NA,Beehive Biscuits,Punting in Cambridge
7,2,Benjamina,NA,NA,NA,7,3,IN,NA,Bouquet Biscuits,"New York, New York"
7,2,Jane,NA,NA,NA,7,2,IN,NA,Flower Pot Iced Biscuits,Hastings Old Town Fishing Net Shops and Boat
7,2,Michael,NA,NA,NA,7,9,IN,NA,"Malt, Chocolate and Orange Iced ""Beer"" Biscuits",Trip to See Santa in Lapland
7,2,Rav,NA,NA,NA,7,6,IN,NA,Union Jack Bunting Biscuits,Gingerbread Christmas Fairground
7,2,Selasi,NA,NA,NA,7,11,IN,NA,"""Wheelie Hot Iced Biscuits""",Stained Glass Window Gingerbread Church
7,2,Tom,NA,NA,NA,7,7,IN,NA,Chai Frappelatteccino Biscuits,Tom and Pod's Near Death Experience
7,2,Val,NA,NA,NA,7,5,IN,NA,Sunday Treat Iced Ice Cream Cone Biscuits,From Holland to New York via Yorkshire
7,2,Candice,NA,NA,NA,7,8,STAR BAKER,NA,"Salted Caramel, Chocolate Iced Shiny Hearts",Gingerbread Pub with Sticky Ginger Carpet
NA,2,Lee,NA,NA,NA,7,NA,NA,NA,NA,NA
7,3,Andrew,NA,NA,NA,7,2,IN,NA,Chocolate Barmbrack Bread,Braided Harvest Bread Basket
7,3,Benjamina,NA,NA,NA,7,6,IN,NA,"Chocolate, Tahini and Almond Babka",Braided Bread Heart
7,3,Candice,NA,NA,NA,7,3,IN,NA,"Chocolate, Salted Caramel & Pecan Brittle Brioche Loaf",Italian Light and Dark Rye Twist
7,3,Jane,NA,NA,NA,7,9,IN,NA,Chocolate and Cranberry Couronne,Chorizo and Chilli Flower with Parmesan and Pesto Centre
7,3,Rav,NA,NA,NA,7,10,IN,NA,"Chocolate, Cardamom and Hazelnut Loaf",Three Tier Diwali Bread Centrepiece
7,3,Selasi,NA,NA,NA,7,5,IN,NA,"Chocolate, Orange and Cinnamon Bread",Bedouin Escape Tear and Share Bread
7,3,Val,NA,NA,NA,7,1,IN,NA,Double Chocolate Cinnamon Twist Loaf,"""And They All Went Into The Ark To Get Out Of The Rain"""
7,3,Michael,NA,NA,NA,7,7,OUT,NA,Chocolate and Chilli Swirl Plait,Cypriot Dove and Olive Branch Plaited Loaf with Houmous
7,3,Tom,NA,NA,NA,7,4,STAR BAKER,NA,Chocolate Orange and Chilli Swirl Bread,Jörmungandr and Mjölnir
NA,3,Lee,NA,NA,NA,7,NA,NA,NA,NA,NA
7,4,Andrew,NA,NA,NA,7,4,IN,NA,Yorkshire 'Tapas' Puddings,Churros Window Box
7,4,Candice,NA,NA,NA,7,2,IN,NA,Yorkshire Wellingtons,Two-Way Peanut Butter Churros
7,4,Jane,NA,NA,NA,7,3,IN,NA,Meat and Two Veg Yorkshires,Pistachio and White Chocolate Churros
7,4,Rav,NA,NA,NA,7,9,IN,NA,Thai Tofu Panang Yorkshires,Three Dip Matcha Pistachio Churros
7,4,Selasi,NA,NA,NA,7,8,IN,NA,Perfect Sunday Roast Accompaniment,Lemon and Anise Churros
7,4,Tom,NA,NA,NA,7,5,IN,NA,West Yorkshire Fusion Puddings,Fennel Churros Snake In The Grass
7,4,Val,NA,NA,NA,7,6,IN,NA,Mum's Chilli Yorkshire Puddings,Orange Chocolate Churros
7,4,Benjamina,NA,NA,NA,7,1,STAR BAKER,NA,"Red Onion Chutney, Brie and Bacon Yorkshire Puddings",Tropical Churros
NA,4,Lee,NA,NA,NA,7,NA,NA,NA,NA,NA
NA,4,Michael,NA,NA,NA,7,NA,NA,NA,NA,NA
7,5,Andrew,NA,NA,NA,7,6,IN,NA,Mum and Dad's Breakfast Pastries,Spicy Chorizo Squash Parcels and Baklava Bites
7,5,Benjamina,NA,NA,NA,7,5,IN,NA,'Good Morning America' Swirls and Peanut Butter and Banana Pinwheels,Plantain and Spinach Samosas and Chai Pear Cups
7,5,Jane,NA,NA,NA,7,1,IN,NA,"Orange Pain au Raisins, Raspberry, Chocolate and Almond Danish","Roquefort, Fig and Walnut Parcels and Cherry and Chocolate Cones"
7,5,Rav,NA,NA,NA,7,8,IN,NA,"Cinnamon Swirls and Pecan, Walnut and Maple Plaits",Chinese Style Prawn Filo Tartlets and Spiced White Chocolate and Hazelnut Samosas
7,5,Selasi,NA,NA,NA,7,3,IN,NA,"Rhubarb, Mango and Ginger Plait, and Pineapple and Coconut Pinwheels","Parma Ham, Asparagus and Cheese Filo Cigars and Coffee Cream Filo Cups"
7,5,Tom,NA,NA,NA,7,4,IN,NA,Mega Breakfast Bonanzas; Granola Spirals and Wheat Foldovers,Yin and Yang Amuse-bouche
7,5,Val,NA,NA,NA,7,7,OUT,NA,"Pecan and Maple Syrup Pinwheels and Apple, Sultana and Cinnamon Swirls","Caramelised Red Onion, Goats Cheese Tartlets and Mincemeat and Apple Spiced Parcels"
7,5,Candice,NA,NA,NA,7,2,STAR BAKER,NA,"Danish Pastry Croque Monsieur Kites and Cinnamon Apple, Vanilla Crème Rose Danish","Sausage, Black Pudding and Apple Rounds and Banoffee Whiskey Cups"
NA,5,Lee,NA,NA,NA,7,NA,NA,NA,NA,NA
NA,5,Michael,NA,NA,NA,7,NA,NA,NA,NA,NA
7,6,Andrew,NA,NA,NA,7,6,IN,NA,Tangy Lime and Ginger Meringue Pie,Spring Elderflower Trio
7,6,Benjamina,NA,NA,NA,7,2,IN,NA,Grapefruit and Ginger Meringue Pie,Floral Tea Cake
7,6,Candice,NA,NA,NA,7,5,IN,NA,"Lime, Coconut and Lemongrass Sugar Meringue Pie",Four Seasons Cake
7,6,Jane,NA,NA,NA,7,4,IN,NA,Lime and Coconut Meringue Pie,Three Tier Orange Cake with a Floral Chocolate Collar
7,6,Selasi,NA,NA,NA,7,7,IN,NA,"Grapefruit, Orange and Mint Meringue Pie",Three Tiered Ombré Floral Cake
7,6,Rav,NA,NA,NA,7,3,OUT,NA,Mandarin Margarita Meringue Pie,Blossom Cake
7,6,Tom,NA,NA,NA,7,1,STAR BAKER,NA,Blood Orange Halloween Pumpkin Pie,Floral Tea Cake
NA,6,Lee,NA,NA,NA,7,NA,NA,NA,NA,NA
NA,6,Michael,NA,NA,NA,7,NA,NA,NA,NA,NA
NA,6,Val,NA,NA,NA,7,NA,NA,NA,NA,NA
7,7,Benjamina,NA,NA,NA,7,3,IN,NA,Piña Colada Roulade,Apple Crumble Mousse Cake and Chocolate Coffee Mousse Cake
7,7,Candice,NA,NA,NA,7,2,IN,NA,Crowd Pleaser Roulade,Blackberry and Raspberry Bubbles and After Dinner Mousse
7,7,Jane,NA,NA,NA,7,4,IN,NA,Chocolate and Hazelnut Roulade,"Chocolate, Coffee, and Vanilla Joconde Cakes and Blackcurrant and Vanilla Ombre Mousses"
7,7,Selasi,NA,NA,NA,7,6,IN,NA,Summer Picnic Roulade,"Lemon, Strawberry and Passionfruit and Chocolate and Mint Mini Mousse Cakes"
7,7,Tom,NA,NA,NA,7,5,OUT,NA,Millionaire's Roulade,Hipster Picnic
7,7,Andrew,NA,NA,NA,7,1,STAR BAKER,NA,Tropical Holiday Roulade,Childhood Ice Cream Mousse Cakes
NA,7,Lee,NA,NA,NA,7,NA,NA,NA,NA,NA
NA,7,Louise,NA,NA,NA,7,NA,NA,NA,NA,NA
NA,7,Michael,NA,NA,NA,7,NA,NA,NA,NA,NA
NA,7,Rav,NA,NA,NA,7,NA,NA,NA,NA,NA
NA,7,Val,NA,NA,NA,7,NA,NA,NA,NA,NA
7,8,Andrew,NA,NA,NA,7,2,IN,NA,Da Vinci Inspired Geared Pies,Jousting Knights Marchpane
7,8,Jane,NA,NA,NA,7,5,IN,NA,Tudor Rose Pies,Swans
7,8,Selasi,NA,NA,NA,7,3,IN,NA,Bouquet of Flowers,Fruity Tudor Marchpane
7,8,Benjamina,NA,NA,NA,7,4,OUT,NA,Mexican Adventure,Tudor Garden
7,8,Candice,NA,NA,NA,7,1,STAR BAKER,NA,Cheesy Cheeky Fish Pies,Peacock
NA,8,Lee,NA,NA,NA,7,NA,NA,NA,NA,NA
NA,8,Louise,NA,NA,NA,7,NA,NA,NA,NA,NA
NA,8,Michael,NA,NA,NA,7,NA,NA,NA,NA,NA
NA,8,Rav,NA,NA,NA,7,NA,NA,NA,NA,NA
NA,8,Tom,NA,NA,NA,7,NA,NA,NA,NA,NA
NA,8,Val,NA,NA,NA,7,NA,NA,NA,NA,NA
7,9,Candice,NA,NA,NA,7,3,IN,NA,"Red Onion, Cambozola and Walnut Palmiers and Mushroom, Streaky Bacon, and Parmesan Palmiers",Chocolate Praline Fondant Fancies and Cherry Bakewell Fondant Fancies
7,9,Jane,NA,NA,NA,7,1,IN,NA,"Pesto and Sundried Tomato Palmiers and Goats Cheese, Olive and Parma Ham Palmiers",Pistachio and Raspberry Fondant Fancies and Lemon Curd Surprise Fondant Fancies
7,9,Selasi,NA,NA,NA,7,4,OUT,NA,"Sundried Tomato, Onion, Peppers and Parmesan Palmiers and Salmon, Spinach and Mushroom Palmiers",Lime and Ginger Fondant Fancies and Pink Velvet and Raspberry Prosecco Fondant Fancies
7,9,Andrew,NA,NA,NA,7,2,STAR BAKER,NA,Cheesy Elephant Ears and Herby Treble Clefs,Philharmonic Fondants
NA,9,Benjamina,NA,NA,NA,7,NA,NA,NA,NA,NA
NA,9,Lee,NA,NA,NA,7,NA,NA,NA,NA,NA
NA,9,Louise,NA,NA,NA,7,NA,NA,NA,NA,NA
NA,9,Michael,NA,NA,NA,7,NA,NA,NA,NA,NA
NA,9,Rav,NA,NA,NA,7,NA,NA,NA,NA,NA
NA,9,Tom,NA,NA,NA,7,NA,NA,NA,NA,NA
NA,9,Val,NA,NA,NA,7,NA,NA,NA,NA,NA
7,10,Andrew,NA,NA,NA,7,1,Runner-up,NA,Crunchy Caramel Cassis Crown,Family and Friends' Favourites Picnic
7,10,Jane,NA,NA,NA,7,3,Runner-up,NA,"Red, White and Blue Meringue Crown",Family Favourites Feast
7,10,Candice,NA,NA,NA,7,2,WINNER,NA,Queen Victoria's Mango and Strawberry Crown,Picnic for Pearly Kings and Queens
NA,10,Benjamina,NA,NA,NA,7,NA,NA,NA,NA,NA
NA,10,Lee,NA,NA,NA,7,NA,NA,NA,NA,NA
NA,10,Louise,NA,NA,NA,7,NA,NA,NA,NA,NA
NA,10,Michael,NA,NA,NA,7,NA,NA,NA,NA,NA
NA,10,Rav,NA,NA,NA,7,NA,NA,NA,NA,NA
NA,10,Selasi,NA,NA,NA,7,NA,NA,NA,NA,NA
NA,10,Tom,NA,NA,NA,7,NA,NA,NA,NA,NA
NA,10,Val,NA,NA,NA,7,NA,NA,NA,NA,NA
8,1,Chris,NA,NA,NA,8,12,IN,NA,Tropical Fresh Fruit Cake,'Raised Pork Pie and Egg Surprise' Cake
8,1,Flo,NA,NA,NA,8,9,IN,NA,Citrus Layer Cake,'One in a Melon' Cake
8,1,Julia,NA,NA,NA,8,3,IN,NA,Courgette and Lemon Cake,'Russian Doll' Cake
8,1,Liam,NA,NA,NA,8,8,IN,NA,Apple and Almond Crumble Maple Loaf,'Stackin' Sunday' Cake
8,1,Sophie,NA,NA,NA,8,5,IN,NA,Pineapple and Coconut Sandwich Cake,'Champagne Bottle and Bucket' Cake
8,1,Stacey,NA,NA,NA,8,11,IN,NA,Granny Smith Apple and Walnut Cake,'Black Evening Clutch Bag' Cake
8,1,Yan,NA,NA,NA,8,4,IN,NA,Windfall Apple Crumble Cake,'Banana-ramen' Cake
8,1,Steven,NA,NA,NA,8,6,STAR BAKER,NA,Bonfire Night Cake,'A Baker's Lunch' Cake
8,2,Flo,NA,NA,NA,8,10,IN,NA,Gin Jam Butties,'Pick My Bones' Game
8,2,Julia,NA,NA,NA,8,4,IN,NA,Middle Eastern Delight Sandwich Biscuits,'A British Baking' Game
8,2,Liam,NA,NA,NA,8,7,IN,NA,Coffee Malted Pecan Shorties,'Classroom Classics' Game
8,2,Sophie,NA,NA,NA,8,2,IN,NA,Lemon Limoncino Sandwich Biscuits,'Snakes and Ladders' Game
8,2,Stacey,NA,NA,NA,8,9,IN,NA,Sparkly Chocolate and Marshmallow Fluff Cookies,'Get to School' Game
8,2,Yan,NA,NA,NA,8,1,IN,NA,'Mrs. Marian's PB 'n' B' Biscuits,'Adventures in Bakeland' Game
8,2,Chris,NA,NA,NA,8,11,OUT,NA,Chocolate Chia Seed Biscuits with Whisky Caramel Filling,'The Great British Sail Off' Game
8,2,Steven,NA,NA,NA,8,6,STAR BAKER,NA,Amarpressi Biscuits,'Check Bake' Game
8,3,Liam,NA,NA,NA,8,5,IN,NA,Jamaican Spiced Teacakes,'Kneadapolitan' Bread Sculpture
8,3,Sophie,NA,NA,NA,8,6,IN,NA,Tagine Teacakes,'Picnic Basket' Bread Sculpture
8,3,Stacey,NA,NA,NA,8,1,IN,NA,Cranberry and Cinnamon Teacakes,'Ascot Hat' Bread Sculpture
8,3,Steven,NA,NA,NA,8,3,IN,NA,Madras Cocktail Teacakes,'The Bag I Knead' Bread Sculpture
8,3,Yan,NA,NA,NA,8,8,IN,NA,'Mrs P's' Masala Chai Spiced Teacakes,'Basil the Vegetarian Dragon with his Pumpkin Hoard' Bread Sculpture
8,3,Flo,NA,NA,NA,8,7,OUT,NA,Cinnamon and Orange Teacakes,'Davy Jones' Locker' Bread Sculpture
8,3,Julia,NA,NA,NA,8,2,STAR BAKER,NA,Earl Grey Dried Fruit Teacakes,'The Snail Under a Mushroom' Bread Sculpture
NA,3,Chris,NA,NA,NA,8,NA,NA,NA,NA,NA
8,4,Julia,NA,NA,NA,8,9,IN,NA,Pecan Salted Caramel Millionaire Shortbreads,Poppy Seed Caramel Cake
8,4,Liam,NA,NA,NA,8,3,IN,NA,Salted Peanut Butter Millionaire Shortbreads,White Layered Ginger Caramel Cake
8,4,Sophie,NA,NA,NA,8,4,IN,NA,Jaffa Millionaire Shortbreads,Bird's Nest Caramel Cake
8,4,Stacey,NA,NA,NA,8,1,IN,NA,Rum Salted Caramel Millionaire Shortbreads,Chocolate and Coffee Caramel Cake
8,4,Steven,NA,NA,NA,8,7,IN,NA,Orange Macadamia Nut Millionaire Shortbreads,Caramel Crown Cake
8,4,Yan,NA,NA,NA,8,8,IN,NA,'Lil' Red's Ginger and Nuts' Millionaire Shortbreads,Animals of the Rainforest Caramel Cake
NA,4,Chris,NA,NA,NA,8,NA,NA,NA,NA,NA
NA,4,Flo,NA,NA,NA,8,NA,NA,NA,NA,NA
8,5,Julia,NA,NA,NA,8,3,IN,NA,Orange & Treacle Steamed School Pudding,'Opulent Ornament' Trifle Terrine
8,5,Liam,NA,NA,NA,8,2,IN,NA,Cherries & Lemons that are 'Baked Well','Cheers Lads' Trifle Terrine
8,5,Stacey,NA,NA,NA,8,4,IN,NA,Bakewell Tart Steamed School Pudding,Tropical Trifle Terrine
8,5,Steven,NA,NA,NA,8,5,IN,NA,Lemon & Blackcurrant Drizzle Steamed School Pudding,'From Across the Jelly Pond' Trifle Terrine
8,5,Yan,NA,NA,NA,8,6,IN,NA,Mango Fruit Hat Steamed School Pudding,'Heart of a Hero' Trifle Terrine
8,5,Sophie,NA,NA,NA,8,1,STAR BAKER,NA,"Ginger, Fig and Honey Steamed School Pudding","Raspberry, Yuzu & White Chocolate Bûche Trifle Terrine"
NA,5,Chris,NA,NA,NA,8,NA,NA,NA,NA,NA
NA,5,Flo,NA,NA,NA,8,NA,NA,NA,NA,NA
8,6,Sophie,NA,NA,NA,8,2,IN,NA,'The Four Seasons' Decorative Pies,Game Pie with Glazed Forest Fruits
8,6,Stacey,NA,NA,NA,8,6,IN,NA,'Love Theme' Decorative Pies,Indian Hand Raised Pie with Mango
8,6,Steven,NA,NA,NA,8,3,IN,NA,'Fleetwood Mac' Decorative Pies,Christmas Pie
8,6,Yan,NA,NA,NA,8,1,IN,NA,'πr2' Decorative Pies,Chequerboard Pie
8,6,Julia,NA,NA,NA,8,7,OUT,NA,'Pies from the Tree' Decorative Pies,'Special Occasion' Pie
8,6,Liam,NA,NA,NA,8,4,STAR BAKER,NA,'Standard FC' Decorative Pies,'Nan's Sunday Dinner' Pie
NA,6,Chris,NA,NA,NA,8,NA,NA,NA,NA,NA
NA,6,Flo,NA,NA,NA,8,NA,NA,NA,NA,NA
8,7,Liam,NA,NA,NA,8,2,IN,NA,'Just Doing Me' Cannoli,'Morning Delivery' Sfogliatelle
8,7,Sophie,NA,NA,NA,8,3,IN,NA,'Classics with a Twist' Cannoli,'Classics' Sfogliatelle
8,7,Stacey,NA,NA,NA,8,4,IN,NA,My All Time Favourite Desserts,Pastry Surprise
8,7,Yan,NA,NA,NA,8,5,OUT,NA,Cannoli Cocktails,Canadian-Style Sfogliatelle
8,7,Steven,NA,NA,NA,8,1,STAR BAKER,NA,Italian Style Cannoli,'Sicilian-style' Sfogliatelle
NA,7,Chris,NA,NA,NA,8,NA,NA,NA,NA,NA
NA,7,Flo,NA,NA,NA,8,NA,NA,NA,NA,NA
NA,7,Julia,NA,NA,NA,8,NA,NA,NA,NA,NA
8,8,Sophie,NA,NA,NA,8,4,IN,NA,Char Siu & Banana Praline Bedfordshire Clangers,Citrus with Green Apple Croquembouche Savoy Cake
8,8,Steven,NA,NA,NA,8,1,IN,NA,'Mediterranean Medley' Bedfordshire Clangers,Chestnut Rum Savoy Cake
8,8,Liam,NA,NA,NA,8,5,OUT,NA,'Take Out' Bedfordshire Clangers,'Fort Wizardore' Savoy Cake
8,8,Stacey,NA,NA,NA,8,3,STAR BAKER,NA,Camembert & Onion and Apple & Blueberry Bedfordshire Clangers,'Bright' Lemon & Orange Savoy Cake
NA,8,Chris,NA,NA,NA,8,NA,NA,NA,NA,NA
NA,8,Flo,NA,NA,NA,8,NA,NA,NA,NA,NA
NA,8,Julia,NA,NA,NA,8,NA,NA,NA,NA,NA
NA,8,Yan,NA,NA,NA,8,NA,NA,NA,NA,NA
8,9,Steven,NA,NA,NA,8,3,IN,NA,Key Lime Cheesecake and Bakewell Tart Choux Buns,'Some Air Over the Rainbow' Meringue Centrepiece
8,9,Stacey,NA,NA,NA,8,2,OUT,NA,'Choux-nicorn and Choux-moji' Choux Buns,'Flamingos in Love' Meringue Centrepiece
8,9,Sophie,NA,NA,NA,8,1,STAR BAKER,NA,Strawberry & Rhubarb and Chestnut & Vanilla Choux Buns,'Tutu with Opera Filling' Meringue Centrepiece
NA,9,Chris,NA,NA,NA,8,NA,NA,NA,NA,NA
NA,9,Flo,NA,NA,NA,8,NA,NA,NA,NA,NA
NA,9,Julia,NA,NA,NA,8,NA,NA,NA,NA,NA
NA,9,Liam,NA,NA,NA,8,NA,NA,NA,NA,NA
NA,9,Yan,NA,NA,NA,8,NA,NA,NA,NA,NA
8,10,Steven,NA,NA,NA,8,1,Runner-up,NA,"Spelt & Rye, Toasted Garlic & Fontina and Sweet Chocolate Breads",'Yin Yang' Entremet
8,10,Sophie,NA,NA,NA,8,2,WINNER,NA,"Spelt Boules, Mushroom Ciabatta and Orange Plaited Brioche",'Ode to the Honey Bee' Entremet
NA,10,Chris,NA,NA,NA,8,NA,NA,NA,NA,NA
NA,10,Flo,NA,NA,NA,8,NA,NA,NA,NA,NA
NA,10,Julia,NA,NA,NA,8,NA,NA,NA,NA,NA
NA,10,Liam,NA,NA,NA,8,NA,NA,NA,NA,NA
NA,10,Stacey,NA,NA,NA,8,NA,NA,NA,NA,NA
NA,10,Yan,NA,NA,NA,8,NA,NA,NA,NA,NA
NA,1,Antony,NA,NA,NA,9,12,IN,NA,NA,NA
NA,1,Briony,NA,NA,NA,9,2,IN,NA,NA,NA
NA,1,Dan,NA,NA,NA,9,4,IN,NA,NA,NA
NA,1,Jon,NA,NA,NA,9,5,IN,NA,NA,NA
NA,1,Karen,NA,NA,NA,9,6,IN,NA,NA,NA
NA,1,Kim-Joy,NA,NA,NA,9,10,IN,NA,NA,NA
NA,1,Luke,NA,NA,NA,9,8,IN,NA,NA,NA
NA,1,Rahul,NA,NA,NA,9,7,IN,NA,NA,NA
NA,1,Terry,NA,NA,NA,9,9,IN,NA,NA,NA
NA,1,Imelda,NA,NA,NA,9,11,OUT,NA,NA,NA
NA,1,Manon,NA,NA,NA,9,3,STAR BAKER,NA,NA,NA
NA,2,Antony,NA,NA,NA,9,9,IN,NA,NA,NA
NA,2,Briony,NA,NA,NA,9,5,IN,NA,NA,NA
NA,2,Dan,NA,NA,NA,9,3,IN,NA,NA,NA
NA,2,Jon,NA,NA,NA,9,1,IN,NA,NA,NA
NA,2,Karen,NA,NA,NA,9,11,IN,NA,NA,NA
NA,2,Kim-Joy,NA,NA,NA,9,4,IN,NA,NA,NA
NA,2,Manon,NA,NA,NA,9,6,IN,NA,NA,NA
NA,2,Terry,NA,NA,NA,9,8,IN,NA,NA,NA
NA,2,Luke,NA,NA,NA,9,7,OUT,NA,NA,NA
NA,2,Rahul,NA,NA,NA,9,2,STAR BAKER,NA,NA,NA
NA,2,Imelda,NA,NA,NA,9,NA,NA,NA,NA,NA
NA,3,Briony,NA,NA,NA,9,9,IN,NA,NA,NA
NA,3,Dan,NA,NA,NA,9,6,IN,NA,NA,NA
NA,3,Jon,NA,NA,NA,9,2,IN,NA,NA,NA
NA,3,Karen,NA,NA,NA,9,5,IN,NA,NA,NA
NA,3,Kim-Joy,NA,NA,NA,9,10,IN,NA,NA,NA
NA,3,Manon,NA,NA,NA,9,3,IN,NA,NA,NA
NA,3,Terry,NA,NA,NA,9,1,IN,NA,NA,NA
NA,3,Antony,NA,NA,NA,9,8,OUT,NA,NA,NA
NA,3,Rahul,NA,NA,NA,9,4,STAR BAKER,NA,NA,NA
NA,3,Imelda,NA,NA,NA,9,NA,NA,NA,NA,NA
NA,3,Luke,NA,NA,NA,9,NA,NA,NA,NA,NA
NA,4,Terry,NA,NA,NA,9,NA,[a],NA,NA,NA
NA,4,Briony,NA,NA,NA,9,5,IN,NA,NA,NA
NA,4,Jon,NA,NA,NA,9,3,IN,NA,NA,NA
NA,4,Karen,NA,NA,NA,9,7,IN,NA,NA,NA
NA,4,Kim-Joy,NA,NA,NA,9,6,IN,NA,NA,NA
NA,4,Manon,NA,NA,NA,9,8,IN,NA,NA,NA
NA,4,Rahul,NA,NA,NA,9,4,IN,NA,NA,NA
NA,4,Dan,NA,NA,NA,9,1,STAR BAKER,NA,NA,NA
NA,4,Antony,NA,NA,NA,9,NA,NA,NA,NA,NA
NA,4,Imelda,NA,NA,NA,9,NA,NA,NA,NA,NA
NA,4,Luke,NA,NA,NA,9,NA,NA,NA,NA,NA
NA,5,Briony,NA,NA,NA,9,6,IN,NA,NA,NA
NA,5,Dan,NA,NA,NA,9,2,IN,NA,NA,NA
NA,5,Jon,NA,NA,NA,9,7,IN,NA,NA,NA
NA,5,Manon,NA,NA,NA,9,5,IN,NA,NA,NA
NA,5,Rahul,NA,NA,NA,9,3,IN,NA,NA,NA
NA,5,Karen,NA,NA,NA,9,9,OUT,NA,NA,NA
NA,5,Terry,NA,NA,NA,9,8,OUT,NA,NA,NA
NA,5,Kim-Joy,NA,NA,NA,9,4,STAR BAKER,NA,NA,NA
NA,5,Antony,NA,NA,NA,9,NA,NA,NA,NA,NA
NA,5,Imelda,NA,NA,NA,9,NA,NA,NA,NA,NA
NA,5,Luke,NA,NA,NA,9,NA,NA,NA,NA,NA
NA,6,Jon,NA,NA,NA,9,2,IN,NA,NA,NA
NA,6,Kim-Joy,NA,NA,NA,9,5,IN,NA,NA,NA
NA,6,Manon,NA,NA,NA,9,4,IN,NA,NA,NA
NA,6,Rahul,NA,NA,NA,9,3,IN,NA,NA,NA
NA,6,Dan,NA,NA,NA,9,6,OUT,NA,NA,NA
NA,6,Briony,NA,NA,NA,9,1,STAR BAKER,NA,NA,NA
NA,6,Antony,NA,NA,NA,9,NA,NA,NA,NA,NA
NA,6,Imelda,NA,NA,NA,9,NA,NA,NA,NA,NA
NA,6,Karen,NA,NA,NA,9,NA,NA,NA,NA,NA
NA,6,Luke,NA,NA,NA,9,NA,NA,NA,NA,NA
NA,6,Terry,NA,NA,NA,9,NA,NA,NA,NA,NA
NA,7,Briony,NA,NA,NA,9,5,IN,NA,NA,NA
NA,7,Manon,NA,NA,NA,9,2,IN,NA,NA,NA
NA,7,Rahul,NA,NA,NA,9,1,IN,NA,NA,NA
NA,7,Jon,NA,NA,NA,9,4,OUT,NA,NA,NA
NA,7,Kim-Joy,NA,NA,NA,9,6,STAR BAKER,NA,NA,NA
NA,7,Antony,NA,NA,NA,9,NA,NA,NA,NA,NA
NA,7,Dan,NA,NA,NA,9,NA,NA,NA,NA,NA
NA,7,Imelda,NA,NA,NA,9,NA,NA,NA,NA,NA
NA,7,Karen,NA,NA,NA,9,NA,NA,NA,NA,NA
NA,7,Luke,NA,NA,NA,9,NA,NA,NA,NA,NA
NA,7,Terry,NA,NA,NA,9,NA,NA,NA,NA,NA
NA,8,Briony,NA,NA,NA,9,1,IN,NA,NA,NA
NA,8,Kim-Joy,NA,NA,NA,9,2,IN,NA,NA,NA
NA,8,Rahul,NA,NA,NA,9,5,IN,NA,NA,NA
NA,8,Manon,NA,NA,NA,9,4,OUT,NA,NA,NA
NA,8,Antony,NA,NA,NA,9,NA,NA,NA,NA,NA
NA,8,Dan,NA,NA,NA,9,NA,NA,NA,NA,NA
NA,8,Imelda,NA,NA,NA,9,NA,NA,NA,NA,NA
NA,8,Jon,NA,NA,NA,9,NA,NA,NA,NA,NA
NA,8,Karen,NA,NA,NA,9,NA,NA,NA,NA,NA
NA,8,Luke,NA,NA,NA,9,NA,NA,NA,NA,NA
NA,8,Terry,NA,NA,NA,9,NA,NA,NA,NA,NA
NA,9,Kim-Joy,NA,NA,NA,9,2,IN,NA,NA,NA
NA,9,Rahul,NA,NA,NA,9,4,IN,NA,NA,NA
NA,9,Briony,NA,NA,NA,9,3,OUT,NA,NA,NA
NA,9,Antony,NA,NA,NA,9,NA,NA,NA,NA,NA
NA,9,Dan,NA,NA,NA,9,NA,NA,NA,NA,NA
NA,9,Imelda,NA,NA,NA,9,NA,NA,NA,NA,NA
NA,9,Jon,NA,NA,NA,9,NA,NA,NA,NA,NA
NA,9,Karen,NA,NA,NA,9,NA,NA,NA,NA,NA
NA,9,Luke,NA,NA,NA,9,NA,NA,NA,NA,NA
NA,9,Manon,NA,NA,NA,9,NA,NA,NA,NA,NA
NA,9,Terry,NA,NA,NA,9,NA,NA,NA,NA,NA
NA,10,Kim-Joy,NA,NA,NA,9,1,Runner-up,NA,NA,NA
NA,10,Rahul,NA,NA,NA,9,2,WINNER,NA,NA,NA
NA,10,Antony,NA,NA,NA,9,NA,NA,NA,NA,NA
NA,10,Briony,NA,NA,NA,9,NA,NA,NA,NA,NA
NA,10,Dan,NA,NA,NA,9,NA,NA,NA,NA,NA
NA,10,Imelda,NA,NA,NA,9,NA,NA,NA,NA,NA
NA,10,Jon,NA,NA,NA,9,NA,NA,NA,NA,NA
NA,10,Karen,NA,NA,NA,9,NA,NA,NA,NA,NA
NA,10,Luke,NA,NA,NA,9,NA,NA,NA,NA,NA
NA,10,Manon,NA,NA,NA,9,NA,NA,NA,NA,NA
NA,10,Terry,NA,NA,NA,9,NA,NA,NA,NA,NA
NA,1,Alice,NA,NA,NA,10,5,IN,NA,NA,NA
NA,1,Amelia,NA,NA,NA,10,4,IN,NA,NA,NA
NA,1,Helena,NA,NA,NA,10,12,IN,NA,NA,NA
NA,1,Henry,NA,NA,NA,10,1,IN,NA,NA,NA
NA,1,Jamie,NA,NA,NA,10,13,IN,NA,NA,NA
NA,1,Phil,NA,NA,NA,10,8,IN,NA,NA,NA
NA,1,Priya,NA,NA,NA,10,7,IN,NA,NA,NA
NA,1,Rosie,NA,NA,NA,10,2,IN,NA,NA,NA
NA,1,Steph,NA,NA,NA,10,3,IN,NA,NA,NA
NA,1,Michelle,NA,NA,NA,10,6,STAR BAKER,NA,NA,NA
NA,2,Amelia,NA,NA,NA,10,9,IN,NA,NA,NA
NA,2,Helena,NA,NA,NA,10,12,IN,NA,NA,NA
NA,2,Henry,NA,NA,NA,10,6,IN,NA,NA,NA
NA,2,Michelle,NA,NA,NA,10,8,IN,NA,NA,NA
NA,2,Phil,NA,NA,NA,10,3,IN,NA,NA,NA
NA,2,Priya,NA,NA,NA,10,7,IN,NA,NA,NA
NA,2,Rosie,NA,NA,NA,10,5,IN,NA,NA,NA
NA,2,Steph,NA,NA,NA,10,10,IN,NA,NA,NA
NA,2,Jamie,NA,NA,NA,10,11,OUT,NA,NA,NA
NA,2,Alice,NA,NA,NA,10,1,STAR BAKER,NA,NA,NA
NA,3,Alice,NA,NA,NA,10,7,IN,NA,NA,NA
NA,3,Helena,NA,NA,NA,10,8,IN,NA,NA,NA
NA,3,Henry,NA,NA,NA,10,1,IN,NA,NA,NA
NA,3,Michelle,NA,NA,NA,10,5,IN,NA,NA,NA
NA,3,Phil,NA,NA,NA,10,10,IN,NA,NA,NA
NA,3,Priya,NA,NA,NA,10,4,IN,NA,NA,NA
NA,3,Rosie,NA,NA,NA,10,9,IN,NA,NA,NA
NA,3,Steph,NA,NA,NA,10,3,IN,NA,NA,NA
NA,3,Amelia,NA,NA,NA,10,11,OUT,NA,NA,NA
NA,3,Jamie,NA,NA,NA,10,NA,NA,NA,NA,NA
NA,4,Alice,NA,NA,NA,10,8,IN,NA,NA,NA
NA,4,Helena,NA,NA,NA,10,9,IN,NA,NA,NA
NA,4,Henry,NA,NA,NA,10,3,IN,NA,NA,NA
NA,4,Michelle,NA,NA,NA,10,5,IN,NA,NA,NA
NA,4,Priya,NA,NA,NA,10,10,IN,NA,NA,NA
NA,4,Rosie,NA,NA,NA,10,4,IN,NA,NA,NA
NA,4,Phil,NA,NA,NA,10,6,OUT,NA,NA,NA
NA,4,Steph,NA,NA,NA,10,1,STAR BAKER,NA,NA,NA
NA,4,Amelia,NA,NA,NA,10,NA,NA,NA,NA,NA
NA,4,Jamie,NA,NA,NA,10,NA,NA,NA,NA,NA
NA,5,Alice,NA,NA,NA,10,6,IN,NA,NA,NA
NA,5,Henry,NA,NA,NA,10,3,IN,NA,NA,NA
NA,5,Priya,NA,NA,NA,10,2,IN,NA,NA,NA
NA,5,Rosie,NA,NA,NA,10,5,IN,NA,NA,NA
NA,5,Helena,NA,NA,NA,10,1,OUT,NA,NA,NA
NA,5,Michelle,NA,NA,NA,10,7,OUT,NA,NA,NA
NA,5,Steph,NA,NA,NA,10,4,STAR BAKER,NA,NA,NA
NA,5,Amelia,NA,NA,NA,10,NA,NA,NA,NA,NA
NA,5,Jamie,NA,NA,NA,10,NA,NA,NA,NA,NA
NA,5,Phil,NA,NA,NA,10,NA,NA,NA,NA,NA
NA,6,Alice,NA,NA,NA,10,1,IN,NA,NA,NA
NA,6,Henry,NA,NA,NA,10,4,IN,NA,NA,NA
NA,6,Rosie,NA,NA,NA,10,5,IN,NA,NA,NA
NA,6,Priya,NA,NA,NA,10,7,OUT,NA,NA,NA
NA,6,Steph,NA,NA,NA,10,3,STAR BAKER,NA,NA,NA
NA,6,Amelia,NA,NA,NA,10,NA,NA,NA,NA,NA
NA,6,Helena,NA,NA,NA,10,NA,NA,NA,NA,NA
NA,6,Jamie,NA,NA,NA,10,NA,NA,NA,NA,NA
NA,6,Michelle,NA,NA,NA,10,NA,NA,NA,NA,NA
NA,6,Phil,NA,NA,NA,10,NA,NA,NA,NA,NA
NA,7,Alice,NA,NA,NA,10,6,IN,NA,NA,NA
NA,7,David,NA,NA,NA,10,2,IN,NA,NA,NA
NA,7,Rosie,NA,NA,NA,10,1,IN,NA,NA,NA
NA,7,Steph,NA,NA,NA,10,4,IN,NA,NA,NA
NA,7,Henry,NA,NA,NA,10,3,STAR BAKER,NA,NA,NA
NA,7,Amelia,NA,NA,NA,10,NA,NA,NA,NA,NA
NA,7,Helena,NA,NA,NA,10,NA,NA,NA,NA,NA
NA,7,Jamie,NA,NA,NA,10,NA,NA,NA,NA,NA
NA,7,Michelle,NA,NA,NA,10,NA,NA,NA,NA,NA
NA,7,Phil,NA,NA,NA,10,NA,NA,NA,NA,NA
NA,7,Priya,NA,NA,NA,10,NA,NA,NA,NA,NA
NA,8,Alice,NA,NA,NA,10,3,IN,NA,NA,NA
NA,8,David,NA,NA,NA,10,1,IN,NA,NA,NA
NA,8,Rosie,NA,NA,NA,10,2,IN,NA,NA,NA
NA,8,Henry,NA,NA,NA,10,5,OUT,NA,NA,NA
NA,8,Steph,NA,NA,NA,10,4,STAR BAKER,NA,NA,NA
NA,8,Amelia,NA,NA,NA,10,NA,NA,NA,NA,NA
NA,8,Helena,NA,NA,NA,10,NA,NA,NA,NA,NA
NA,8,Jamie,NA,NA,NA,10,NA,NA,NA,NA,NA
NA,8,Michelle,NA,NA,NA,10,NA,NA,NA,NA,NA
NA,8,Phil,NA,NA,NA,10,NA,NA,NA,NA,NA
NA,8,Priya,NA,NA,NA,10,NA,NA,NA,NA,NA
NA,9,David,NA,NA,NA,10,2,IN,NA,NA,NA
NA,9,Steph,NA,NA,NA,10,3,IN,NA,NA,NA
NA,9,Rosie,NA,NA,NA,10,1,OUT,NA,NA,NA
NA,9,Alice,NA,NA,NA,10,4,STAR BAKER,NA,NA,NA
NA,9,Amelia,NA,NA,NA,10,NA,NA,NA,NA,NA
NA,9,Helena,NA,NA,NA,10,NA,NA,NA,NA,NA
NA,9,Henry,NA,NA,NA,10,NA,NA,NA,NA,NA
NA,9,Jamie,NA,NA,NA,10,NA,NA,NA,NA,NA
NA,9,Michelle,NA,NA,NA,10,NA,NA,NA,NA,NA
NA,9,Phil,NA,NA,NA,10,NA,NA,NA,NA,NA
NA,9,Priya,NA,NA,NA,10,NA,NA,NA,NA,NA
NA,10,Alice,NA,NA,NA,10,2,Runner-up,NA,NA,NA
NA,10,Steph,NA,NA,NA,10,3,Runner-up,NA,NA,NA
NA,10,David,NA,NA,NA,10,1,WINNER,NA,NA,NA
NA,10,Amelia,NA,NA,NA,10,NA,NA,NA,NA,NA
NA,10,Helena,NA,NA,NA,10,NA,NA,NA,NA,NA
NA,10,Henry,NA,NA,NA,10,NA,NA,NA,NA,NA
NA,10,Jamie,NA,NA,NA,10,NA,NA,NA,NA,NA
NA,10,Michelle,NA,NA,NA,10,NA,NA,NA,NA,NA
NA,10,Phil,NA,NA,NA,10,NA,NA,NA,NA,NA
NA,10,Priya,NA,NA,NA,10,NA,NA,NA,NA,NA
NA,10,Rosie,NA,NA,NA,10,NA,NA,NA,NA,NA
